seqID,PC1,PC2,PC3,PC4,PC5,PC6,PC7,PC8,PC9,PC10,PC11,PC12,PC13,PC14,PC15,PC16,PC17,PC18,PC19,PC20,PC21,PC22,PC23,PC24,PC25,PC26,PC27,PC28,PC29,PC30,PC31,PC32,PC33,PC34,PC35,PC36,PC37,PC38,PC39,PC40,PC41,PC42,PC43,PC44,PC45,PC46,PC47,PC48,PC49,PC50
GLRGC0384,-28.04874826180412,0.7044359429067396,-5.79834616972728,0.38731776579071064,0.4030607522798447,5.14401661658597,-5.022575095429906,-5.237631938198898,4.901462473388461,-4.233497015508845,-0.8107332770711209,-0.9924205296633739,-2.4016809144805715,1.4777974614136884,-0.7704038344673119,0.9596825512165023,-1.5426132457577193,1.77485215141514,4.296020791151071,-0.3239057329897207,-0.5576379706782958,-3.2134791600498414,-2.00770501814465,1.9996902750616605,-2.0669977026224524,-1.2338806481822113,-1.9785143433329409,1.7297392596830343,-1.137800656811319,-3.801366516831772,-0.22724167028160053,-0.4759332554557375,0.4471850482399649,-0.3017871119759514,-0.3681743401463334,-5.961545007680042,-3.890890922411852,-0.0444201367444131,2.0658216361945807,-2.9984967809593797,-0.605054964725734,-5.084721952752218,-0.3854553690990617,-1.430186268595867,5.484371300798861,-1.0763742051766954,4.013348258372217,0.5862757726333072,1.1490860613679743,3.723901624065773
GLRGC0385,15.696899384682123,7.941808387371097,-1.274311732156335,1.3933443387696962,-0.011649865090081512,-0.7053487301621435,5.399335082114938,-5.441817718488428,0.8368193408752865,-0.8931694484929928,0.4691827415434896,-0.6090550053921561,0.043469699149770516,0.575909558513235,0.19793713510523847,0.5316686883067288,0.34470464947242446,-0.060947008920939225,0.40123424283177106,-1.2174983877971948,0.9847647185636462,-1.6132431302907397,-0.5986425253073009,-1.2604074626725914,1.5542645778291622,0.9340710533533354,0.4666624696734702,-1.1242139210514064,-1.2295197345629045,-0.9456100976835953,-0.6923640022075801,-2.4735730673844647,-0.18937349537577458,2.3149441824005246,0.6527023119431371,0.015235682234149985,-0.020918875422227916,2.0932524383447992,-1.8236853937929867,-0.5312355532539151,1.4496479087162342,1.2574801547328929,0.24850224876657528,-3.9649642727055987,-0.24618352801222904,-2.7868253873112843,-1.0177329151987669,-1.2554937527178378,1.8735709735927502,-0.42259376657180503
GLRGC0386,11.264674171719331,1.1765389704845832,-0.03621132083245598,-0.1493534205233762,-0.24053449380994574,-1.484613700415462,-3.470973868194352,-4.160222028248401,0.8392368087653137,1.448490176577841,-2.5171965262302067,-0.043320245951159325,-0.9011461750596212,0.4345306162896649,-0.6861576673849086,-1.7758876054833272,-1.6357400143082919,1.2431184907397876,-1.272822782600787,-0.6105582832743113,1.4928251536374886,-3.402525527239861,-2.2911206948655582,0.4325382190430622,0.3948459587492658,2.159949966226671,-0.6153540571503718,-0.8473842780706423,1.7726676919755344,-2.195064017551148,-1.4074450016540174,-0.5701287636628729,-1.9405968015618875,-1.951185251811978,-1.5364283120453563,0.23971199512605715,0.6122811556920158,1.4522522235697197,-2.066544735294909,1.403997185263922,0.03363855440617957,-0.5188091445385891,3.0864188739686185,-2.2307724816977554,2.9535886343070934,-3.130973487599234,-4.306307171226599,-5.921414618654267,-3.627855857956732,-0.7691521078642198
GLRGC0387,4.41004457264897,7.557061383105762,-0.6229959416707813,0.5111230673548998,1.7565116752019954,0.7473422707600967,-0.0075115189196474684,-3.7993432299983887,2.939791125210725,1.2495628237361605,-3.0806852955428337,-2.916756465431262,0.6671319708729941,-0.8997438137822535,-0.5013246253113891,2.2997822538613195,0.698829400506092,0.9469417302769574,0.8349065733014369,0.23996934097212294,0.9448981923157238,0.20626308230753,1.045765460447933,-3.6384534256506615,1.6548222567022026,-1.068225359812487,-5.037676254276036,-0.9035474631668208,-0.6282518486375168,1.481138477075896,-4.533147497234978,-2.1191634050229955,-0.3520556633738015,1.7323866527390912,-0.20183714199358166,-0.024451053183999538,4.107604361250012,-1.5252357003966592,1.1127966284822135,0.08743129131814165,-3.1431401227658293,-0.6163532922808704,0.47233099082394253,-0.11022044325954075,-1.413313620249597,0.6103544040781599,-0.7315240252225861,-4.764130477113915,-0.7005195263641075,0.4741762330106559
GLRGC0389,19.588952665275347,9.254947830217928,1.5954453019855477,-0.1815724958146452,-0.05566523830746136,-1.2791920839680684,1.5633081120162102,-6.9580066983292435,1.1778566531880061,0.8736310149947931,0.42955463025012086,-3.6672374664387037,0.24970796855068977,0.010774129654248746,-0.34998369786413097,-1.2926738882552975,1.2672111556628158,-3.462979246400271,0.32569443739816384,-0.9696111990002557,0.15829182065244476,-0.3957242468911783,0.8551726724920652,-0.9875710958302856,3.5192195262480195,2.2831682045759623,0.6979942763007579,1.5868525429328495,1.1117102897433147,-0.8516317268341912,0.638193461151421,-1.5464411391970578,1.2014303644984456,5.314160551464836,1.8520931672467265,-0.36540069932059543,-0.3411691676712759,5.7984970845419,-2.372143203844859,-0.0928420478483262,1.6712327144085872,2.9838552204356588,-0.4174140750099288,0.2957325632479438,0.976106329633613,-1.8268664109041897,3.287283614582377,-1.725394317109903,-2.9385955590188018,0.03439664356556078
GLRGC0391,26.309802572780406,1.6043025460010947,-3.7148199163777975,-0.44175642741763455,-3.2768992044932777,-1.966612578207292,2.6740516184926215,-1.665763374713499,2.965727876107093,-0.06596903445570973,2.4951175828115977,2.206862350399069,-0.34391119471590115,1.2466481890045547,-0.28718409211512386,1.3560659718294932,-1.51052309208807,-0.48152517008917683,-0.656843241756258,2.2430849811809317,-3.523571720679897,-0.09027409443385724,-0.7239218319520272,0.7115659265878912,1.8079810872158268,-0.7428063719283435,-1.0921879313492107,1.5529049714159395,-1.5700722069689286,-0.23859395604735584,0.9544210525778545,0.6215836608306348,1.6524372803132585,2.2998141882281,3.0243059834271513,-4.296296931303437,2.454131497772045,2.3303363664014487,-0.7606994077775577,0.0331814448545428,-4.480277116778387,2.486936862817736,0.8869582732412403,0.8628445139840258,-6.293694530813961,-1.0649024476253808,-0.3299335631943074,-1.9420459302805366,3.564258323608842,0.6768724895228391
GLRGC0392,24.69417617031254,4.632461596505302,4.121912873459591,-0.21732152270747748,-2.9833670242145875,-1.4759552070538942,-2.011613101003245,-2.6200906725844124,2.3738840378084882,-0.6346910745165187,0.9693468810794813,-0.03451949688060467,-1.9167136611025224,-1.7100952570159178,2.962180753215016,-2.100959416756299,-1.5788681262273139,-1.5820188339018373,-0.6110840720196119,2.2935705685602925,-2.4145182730278467,2.285639004492843,1.010797610827923,0.8171854864343051,-0.5293672536979535,-0.19536216800329403,0.5280868115019514,-0.8836743970784074,-4.310127304687267,0.0093735802946309,-1.8864242412202388,-2.5332527778626592,1.7884216631004013,1.3084319302846874,0.23946181391307325,-1.314093767854489,-0.5613244664339808,0.41718219981715693,-0.35680559970901016,0.3860148582311688,2.033008600289878,3.02793975085203,0.6730819996451287,1.1510928252233392,0.7996703409260355,-2.314009267917595,1.384319099024481,2.197966372074276,-0.09911185168045407,-4.289268188849162
GLRGC0393,0.737236104508771,-6.323616150059208,-1.3836044607884856,-2.7489483779681856,-2.420347326559588,0.8354095571930125,3.431356972257698,-3.1662562145467157,0.3608669744555597,-1.480755777027357,0.2509679016175713,-0.5720065401505884,-0.5198825881393963,-1.025316984753671,1.6453858441623317,0.16324135241459642,-0.43705994734278264,1.2325761194528726,-1.4252626841384382,-1.4853089286164722,-0.737687298022151,1.6535071472506493,-1.4065758813478517,-0.948011301986702,1.5349823370838471,0.29443649303715325,1.6121048194141703,0.8954862141516496,-2.02733087375494,-0.8070138691388364,0.23587012492147622,-1.8008521811906604,-1.4096368358730387,0.34691951624291645,-1.3778419258439285,1.754593269784777,2.2294345287225403,2.124220792371583,1.2037761602327348,1.4141913909180652,-0.021216768243533454,-0.5570168902499978,0.4272553754589081,1.69647109967589,-0.13325636112027628,-1.2779855864717484,-1.5693797472066258,-0.814634976166176,2.6095801595030435,-0.22105730661010667
GLRGC0395,-11.470140972377395,-0.27243981726970007,-2.2164748117351576,-0.41561464487789473,1.0544273155798243,3.3211353204422354,3.2435791745659466,-4.669963074412006,1.3108186793060828,0.347202963954769,-0.5379311469111354,-2.7932618762733448,0.016123634036327737,-0.12133487437048006,0.9865004930766417,0.08913391296577916,-0.5350535571147974,1.1211463455878252,1.996054425876402,-2.210998609149858,1.580671534517851,0.13411292697233543,0.7102451260690135,1.8630510372695355,0.39969595964519333,0.22162351328964783,0.6909668710583927,-1.2001958037402791,2.032340552949714,1.0761892754509452,-0.16157358559017276,-0.9408526351028204,0.7458441303842869,-1.9091624431040444,0.019960340082493002,0.03231773248243273,2.4015958475889687,-0.5930922649648537,-0.8075744576478159,-0.5729356935647868,-0.4431243736351559,-0.7608755603264897,-1.3236501828472078,1.3011312588326958,-0.24614590136851267,1.3217717837278358,-1.471507922793209,-0.47952863922186517,-0.3038968349948177,0.3591712471668424
GLRGC0396,-0.6406409858891787,-0.6155126700039817,4.3611785839381545,-1.0352266182350844,-3.7790115007113276,3.5962185763650028,2.2317902779590635,-3.852331863109117,0.5937308183474541,-2.3427811938041265,2.1669536748763605,-3.3848282125517026,-0.47753929705238657,2.3272022257872207,-1.8444659584572591,0.1352879946790633,-3.6915350985152795,0.21478242246037443,0.37768785307099667,1.1115063016215676,-0.9175487623132659,1.0709242853944199,1.7279923951888192,0.5971224460989848,1.9076613681822492,0.8095503857152277,1.2842017157811072,-0.7069515797565957,-0.5999072926918589,1.4110240502446563,-0.6077996701390123,-0.943348385520749,-1.5561356069897012,-4.6158621653216185,2.5024009675377563,-1.6674150720439158,1.218299718895369,-0.0954476532198695,-2.0023512399739802,0.6587362705513455,-1.9157620759328393,-0.5915735466228227,-1.3593399915830802,0.6568045648602129,0.20040986899746446,-5.564257470451645,1.483417480687574,-3.724297087114501,-4.217903421407297,-1.2872625504276385
GLRGC0397,4.918783422751858,2.1452743129502827,-1.3686399744108673,1.0176882448984876,1.704000691776953,-0.9244531500354229,2.074032661401926,-2.8218564137153197,-0.12682780683461906,-5.322729844717611,4.244354225385971,-1.0911629636577171,0.7442041404678312,2.8726617811489703,-2.3084826442949864,-2.597120480300436,-1.9674338793346184,3.4590752366303055,-1.0133844552393478,1.0468540318700792,-2.8347682625208255,-4.420590011193295,-1.1353456751603392,2.147371670135748,0.6602187396351187,1.2857585905162727,0.614205369893173,-1.9785224920044668,-1.3000820511564009,-0.8191713328460752,2.52064246468892,-0.8853140681294931,2.8150433837656252,-0.9025483846010942,-1.5833057916291509,2.864852797314462,-0.11798120444219475,-0.5770910871388107,-5.3410398721351005,0.688025796884569,1.0251331913522639,1.4612839460237954,-2.2787353756320443,1.8684267687744538,-2.500285700751538,-0.39227646524279214,3.2165006127397295,1.9387219973778258,1.3710956214464516,-0.22923565196340456
GLRGC0417,24.919577813212115,-1.299899058488514,-2.1155300922116766,-0.44287339272915316,-1.2682602156193417,-3.9795803048758747,2.7920269908226105,-4.625560433753445,4.294241534453195,1.075492146421341,1.1077553922344634,-0.5591203514849028,1.3390850464911828,-0.1927024502076692,-0.5384959050594856,1.9248287509851856,1.0686792351616143,-0.504293334965679,-0.11446156929936402,0.6059847902151393,-2.938888053106536,1.6778779155540828,-2.5971031616636298,-1.6418246040424231,-1.818182985175089,-0.12619090003215863,-0.12426013271832369,2.061673342794038,3.1683117868837414,-1.3424936222793136,1.4185345097401256,-3.295586081773553,-0.5042570265856583,-1.0874246668761722,-3.6046748742771886,-0.5069588304512803,3.066497248929483,3.854699510860245,1.5443109276233937,-3.1490510046264415,-6.566439134850507,-1.0383974338118813,6.523077892030097,-3.873948714093685,0.29717273499686836,-1.5261536258244,-0.24322956434559695,2.528528719390991,3.9905132638936465,-1.686700200693763
GLRGC0419,-9.547172290498303,5.765793552279426,4.9710428501217345,-0.1767023473190398,-2.9062308084525452,10.495713310505538,0.12165131120861741,0.014247367905448559,1.5661991190546485,-1.1836355269783723,0.6947825309724897,0.9376206297190796,2.291463540547397,1.0281153297064962,1.3513968369978133,-0.19215273242443326,-1.563887021119028,4.158427573204886,4.733725708087163,-2.4566692791686244,-0.9963946266154003,-4.61623960665167,-3.905700616012141,3.5140600964973987,0.7213318696612038,-1.5637592917123044,-0.025837399366312106,1.1817389784382,-5.044989193835941,-3.215349966550063,-0.3783751008245818,4.032449924076304,-1.5035819999422397,-3.679639088099906,-2.2434775172642754,3.0226686626452537,2.905192155499755,0.519680527829175,0.8287105178397071,-3.559729238110798,2.6318988813924618,1.8142498303839742,0.6346082541645751,1.7480239736021987,-1.8017060366721138,0.9885279667438627,-2.7494073263778454,1.5989987552020988,3.5527552908203575,-3.393586816195544
GLRGC0420,-14.488529986569551,-7.435022583998421,-1.658440436290671,-2.056705201664166,-1.9555616593489347,-1.2180165586957963,-0.47036027673738723,1.8822745752999215,-1.9378706641744392,-1.887005993282505,1.2755477262080426,1.9136698684365623,0.9945330465880484,2.030690562096708,-1.4249578786969144,0.48956469627104054,1.4615289611340008,0.390288791261988,-1.3278733857853544,-3.3044579731881076,-1.0177847112571414,-1.0167264446094622,-0.17988831225675045,1.5469374271413285,-1.2476585995033802,0.5159750572815853,-0.10058188613848461,0.06752707081918381,2.77265266807692,-0.21390140368918514,0.39484395203934414,-2.7221509395635834,-2.0309749958082652,-0.3983070049191749,-0.038157844854204204,2.0948929830256553,1.2622231411599958,-3.6851288009854333,-0.6684024448561747,0.5010242141689396,1.8098972659292756,-0.008865290510251957,0.057641445647731965,0.9053223571593785,0.38800867535796896,2.267419873048534,2.3643083741863355,2.5179428195029896,0.7428581961004939,-2.371491687816519
GLRHD0677,-4.58245210957169,-0.20243758464584402,-4.222526370870653,-1.5912889782230066,2.275248552853372,-3.3977690329938164,-3.196401049938551,-0.4913883523169749,0.01893014152905211,0.5384112619568029,-2.983682470068074,-1.8116515373625253,-0.1600290918315811,-1.9528919272073357,-0.572330320521163,0.6923015995465613,-0.027278860110435125,1.6152183166281,2.268919617161764,-2.091038013141705,0.5466689028675775,-2.0500451407588467,-3.0074957863270075,3.710401813259242,1.002068336516262,0.39697145737048806,-3.193200777623273,-1.3496159931984428,-0.01872133925043206,1.2772789640249984,1.2258751323866042,-2.897281758290853,-1.4554067152719392,-1.7910087572852358,-1.6857946631763936,1.750177892523982,-1.6119372579213758,-0.9089571097273231,-1.9281829462764404,-0.820539526859204,0.24268602330885677,0.43201937188801454,1.4465834919399634,0.007994405387283063,3.1169254918853535,2.2351424303908725,-2.452715002236769,2.7532456373285252,1.6927121921642492,-2.633739854805321
GLRHD0679,-7.07446711239657,-9.00327404470527,-4.157162875400663,-1.551440690340079,-1.0511357261400631,-1.1696803169485692,10.436977380521872,-1.8787660481202126,-3.8236701801970168,-0.7027254534376884,-0.184950373202763,0.08477691148333108,0.24574188924738954,0.2515469583941378,0.3929340535333121,2.096093791114621,1.290120697801572,0.45797559588612274,0.5960990882653712,-2.2295677963506106,0.661271952829957,1.5173004215710857,2.856313810983411,0.1398427036037742,0.27773389649528113,0.4436647639573873,-2.1706919431818164,-2.0340179485572927,1.7463361966159796,1.6676593072561,-1.6841519724002953,-0.9687846224225998,1.6719608362686036,-2.628362675592268,-1.288813851873002,-4.175597186901213,-2.839872725518533,-1.3132614844331207,-1.2580132840727563,-0.935280268515692,2.974393906188574,0.016414811769055418,-3.4436660360196263,1.6796261755773074,1.7068010404591432,-2.5312968280248542,0.3535367596516854,2.8943038413037607,2.8423522694046324,0.19262586296971276
GLRHD0709,-0.2183138334607596,-3.1691350640313294,0.5476135729771998,0.48762822576546355,2.1234249897319937,-1.5240038101821085,4.711049704620264,-2.774957239572591,-4.227440006418121,-0.3919707110216688,2.055753260999973,-3.472472862819727,0.9479695638071072,2.3916029067223104,0.21181202761795306,-1.2107835007184853,-1.2457895071090332,0.9636236291967402,1.0383152580598374,0.27270091463122736,1.1627026120954236,0.7597529364949575,3.338507646660071,-0.04383555086892092,0.045820130711710316,1.5562162808476194,1.2396912734786723,-0.3300128569416234,0.8398372705083154,1.1877288259996281,-2.0703669054270866,-1.6764356219427798,0.12275926899822646,-1.51479214847433,2.0978518953613836,0.7614775742198223,-2.1812796932810543,1.4510083454628908,2.3184451229505583,-0.9553394043647575,-1.7677882004219356,-4.050274520615399,-1.5673009537266769,4.3099232138671395,2.0249605547786396,-2.0055678147132907,-1.504155170930278,-0.48826205033420234,4.924468768647504,-3.3546034741198127
GLRGC0330,-19.103633634480662,7.161133598944699,-1.2483109268833685,-0.8975035764664128,-3.8882579483737074,4.656256724039715,-2.9500997352793124,2.965710033986464,3.032908817995436,-1.8232600397813277,3.709572249813664,-3.458372788912159,-2.550994122184093,1.238196821091382,0.8382855094785553,3.0500186836272394,-1.3324762352171422,3.012451861004505,-5.8415459851609945,1.1412802753156583,1.7060130961366546,-2.0821123870162213,-2.966239810265213,-4.455399088293882,-2.3724405730991407,2.7333994945439617,-3.340826731202056,1.9487217675484172,2.103906278712207,-5.591662144717826,-1.573899658396709,3.1404557674361593,-0.1653925028546192,-4.835432753362943,-0.25071741729901637,-0.8200344670056677,1.0537046657069291,-4.5602951716523465,-2.2264027108994173,3.6629064649591285,1.895157201932002,-0.5113668326455135,-2.1250624931981985,-3.849504810438252,1.676399776655791,3.9710856306761357,0.017309372084935833,0.4478953412206712,-4.045978533770826,-3.2681421131508
GLRGC0343,11.782163007205535,7.785775961527214,-3.9249759909493487,-1.280667100098326,-6.88462010379756,-1.3201822053417054,-4.536741104212403,2.3050676618655133,4.275884907055465,1.5181725313596954,-0.31041248427985335,3.4700727953469768,-2.4106796423496224,-3.1260682958045023,-0.29981603474623447,-1.7278438337922954,1.972199328767655,1.4942972578992304,2.452030366029859,0.7511097678846842,3.952223006834696,-4.580574996466024,-4.372838138255778,0.18079129832427082,1.8459302233336679,-4.457035810961731,3.8256523909920217,-5.484135892356751,4.091549622340565,5.7592665311369515,1.4978837698099867,-1.7636581955593658,3.3007942409026065,3.5701198045464744,-0.37567564186648095,-1.9898312063793482,-2.3121699916845593,-0.42989098949940097,-0.0933689376725761,-1.2090171449923968,-0.2703456669635219,0.7336249024696235,-4.40161891246306,-2.0194753461429067,0.7141470980378364,-2.9328260032450277,-1.8586300663654007,1.7444076331298408,-4.9015967645538625,-1.4082289566662443
GLRGC0345,31.73874444816366,5.435739478849079,7.827443321328632,-1.6749658438013069,-3.307056060920818,-5.994041740653153,1.2331933481196642,2.577606692011625,-3.623965996623787,4.321612305245742,-6.4506231052602745,9.000343868216984,-10.594574959807723,16.67451495192078,5.7708798176290825,1.4126855608327185,-0.6622710824293899,-0.6316307208976392,-5.231718343695717,-4.499379385246275,2.074508836309345,1.7762481323846,-4.353933225210153,4.794515566106791,-0.16743835634065868,0.6010326936587906,-1.750976138225319,0.8068280999232901,2.90606713078229,3.919318862883463,0.3069095116765019,2.796608306774286,1.13062561692688,-0.7925795443416558,-0.411192128978327,0.056138429196256945,3.4475243818276673,-2.643842175653357,2.3458525225638507,-0.29471666623062565,-0.1569007510591235,-1.702369758164453,-1.1721292430579728,0.6008465365087474,1.3492747661651645,-0.9650094399644293,0.9698428933977544,-0.4222218919220504,0.7642884335829174,1.3742344190860043
GLRHD0863,-26.93473268484905,-5.8365645437929246,-1.935273246337037,-3.2147431712814556,8.350575791021077,2.393630309342363,-8.285917807267085,1.1399862781873562,-8.692706956689774,0.4738816296695258,-11.013491528468245,-4.588001923623049,1.6868141455793582,11.131388787175473,-3.474569765754185,-10.716626333001905,-2.041968381753223,-1.3595337255966151,-0.8890818725718013,4.91524498610779,-7.448323628584436,0.494556245792472,0.806093007925316,-7.871518990475191,2.3011496467367096,-5.867300022500547,0.061064622732211346,0.724656058238187,0.9555170754399394,0.21114386916751407,1.2172749152705482,1.116588723843525,1.6045727955219096,4.293562377481435,0.5162531161900409,-0.42376864020436017,-1.0283469111391952,0.4346194876500333,-3.153542124495179,-1.1260863215625567,-0.3014345345981868,-2.4686888307806933,0.1341717741421237,-2.1223161899015484,-0.48065080533694804,-1.410352941754064,-3.5175671640734643,1.6775471949052132,1.7738461944919277,-0.5397696935872883
GLRHD0869,-21.22614502118694,-5.812190367004181,-6.252224984128732,-2.256567012868607,-0.39536232361455115,-1.4496872500371585,-2.4833553634119396,1.9001659648197062,-1.7848625577131065,1.0858788890137407,-0.9247889219550859,1.891299731559838,0.1943383301619106,-5.670440532052974,0.6180090739180778,-1.7757939581197308,-1.9872136977026225,-0.7119919564649856,4.057566888911877,-1.3305849108056143,-0.3475596666009628,-3.8405145678717623,-1.595793190333352,0.5967111662334481,2.1958083672158457,6.182608331826673,-0.7873742110584322,-1.4406775851739226,-0.3042304681795149,3.567546941476893,-1.370748715044138,-1.5655420613716593,0.36323745553445763,4.27761012419311,3.4876127120083353,2.0446351985482467,2.251493489526646,-1.8561530082041733,2.1413539872225633,-0.8217417617205394,1.9512997596344734,0.35689055577250123,-1.914465849332446,-0.4544231410240037,1.1149418185106188,-1.3731944438052284,3.4420758050307048,-0.7353631671127177,3.408942591820806,8.232209130739813
GLRHD0871,6.302058725898474,-2.8099022925986543,-1.2833542724774922,0.661987379542019,-1.4756359640687675,-3.4251788542854853,-1.7818201429858844,0.43489496167293207,1.3252703163837145,2.0060149162127323,1.2415417538684235,-2.8606224559866176,-2.85830544740133,-1.6097240607474106,1.6804428053559455,-2.652797520128135,-1.5409816714944993,-0.6517388310695928,0.36992065669224206,0.14075853276879038,1.6987829253423927,3.5267582197637823,4.2428585319360375,-3.576875425878261,-1.2030690191637383,1.453078738650423,-1.1694721812610218,-2.7678202205955325,-1.3194784103018062,-0.5850287174889499,-0.9900659185845855,-4.181627100753512,-0.8257097780048859,-1.2360772427038205,-1.3959971682124668,1.4228077525758793,0.5728398078682533,-4.915890506792958,-1.9207562586471945,-2.3176353979608773,-1.3601792858249129,-2.9333535241049047,2.577581538851156,-2.927524379129525,-2.595201237406172,0.46332017581344637,3.750272511675451,0.44287971525044884,-1.0142025767660776,2.640081183106893
GLRHD0872,-3.668096769465967,4.790244285432648,-1.9788808711483428,-0.4788528744931348,0.5337041891770516,-4.33592022770042,-2.091890335470676,4.003623786732225,-0.004584753600703474,-3.00681047767836,1.9165848212631114,-6.282947727219667,-1.9181474515554735,-1.9760330171764833,5.856382593085446,-0.7527717714969615,5.766088347524379,-0.7125614435195545,3.1035217377693773,-1.0814892642550196,-1.1438511163872076,4.444845207739281,-6.45991130624758,-2.2300300464050995,0.29802833398261463,-0.931691346458483,1.9450290629546017,-0.2025167669954776,8.186163543015951,0.6041317613745358,-0.3416189349403464,3.4344959080623747,-6.271586168323494,-0.5560384510130395,3.1813818923864123,-0.19694397268074043,0.8020452617595292,4.074321403255062,-5.237484087289483,0.5700858801021914,2.1299594809178353,0.04160931581591088,3.0681652757698377,5.591055547242926,2.519611091336251,-4.398495656857556,2.7829238475533415,-1.3559385127872152,-3.117507587053243,2.4395654621551954
GLRGC0374,-24.23901568606609,-11.469797705203185,4.879415290273593,-4.655885984361579,-5.324150955558293,6.814137808307733,3.7603823473991986,1.7605827107958671,-6.679462618340851,-0.8682419345877669,-2.324795881362202,1.2800994336939329,3.5941996530580145,-5.027214596903665,1.046402536271022,-1.0380095525260624,1.21867471638719,-1.153702979478281,1.4280016898628294,-6.2167630829900675,0.9486230295886096,3.0721064498049877,0.21826976738203727,1.3364865349269246,3.814493081037797,-1.5606936264473936,1.9187738406719312,5.0395485298870515,6.332241291023472,1.484936983492372,-1.0627228910399635,0.02668354319525349,1.3856764997808202,1.746056108566162,5.343254211855368,2.590321352276223,4.289677626064321,1.23894842171025,-0.30757389431105703,-0.4009461313037598,-4.916765927590226,0.8069371396430528,-2.67498051539592,-3.9124723197790923,1.5395455045554012,4.2536416999208315,1.9019204351289585,1.9898274175337958,-3.3105100329048365,-1.7550083891951984
GLRGC0383,-9.830252991830735,2.4579149144454395,3.146312200567808,-1.3328359610838587,-1.6680337471673297,1.536625296689385,1.23637570155522,4.269981958013694,-4.234462211212841,2.9699983390960476,-0.5322293557639765,4.092155797123145,0.5568769299781821,-0.5002616153583818,0.3137249390272553,0.0796689309799346,9.646769580390115,0.32796054170129973,-1.7541327257153487,6.2912142064372105,-2.008847010799801,-3.677326331924474,4.8624595508418835,8.823237981906482,10.975896518390478,1.3390065596505198,-2.266445437467278,1.4758776344029623,-0.4619895982255229,-2.7442914831378653,-4.993341863098822,-1.7830708923381373,-1.9837420934124195,-0.2514219303693557,0.12089052222473892,2.962067960356317,-1.6370314061485336,0.029875686158547347,1.5989101636200775,7.3625529451480904,-0.07953720883785274,-1.5174578042801152,-0.0913370055570357,-4.778315324610057,1.9735484540161365,-3.842379787719021,1.847836959099088,-1.7655116881678703,3.5273857488027036,-1.077380457763565
GLRGC0403,22.777871014862068,5.988200073860101,-0.8289949082292628,3.1278019857263275,10.001500650786165,-4.595622715802632,1.8646428230629915,-10.655640659616141,-3.35463737761388,0.4649166783502631,-0.5913253850282574,9.783757348057149,1.87055059152309,-6.965705443376925,0.47801604526124675,0.09203929167812777,-4.833236151087614,2.2821229841866395,1.3013395971478596,-9.291463768789798,-7.67798397529648,1.7470352277183803,3.8870821391197214,3.1049164929047537,2.069107636170446,-3.7966876183356217,-5.162268703759079,2.741673193600958,-0.3566357274892479,-0.39881002642862146,5.290139309884827,3.732528471386841,0.30134856239404284,-0.8412941370781781,2.3898730552582705,-2.3287228860047358,-1.2959877760675778,-1.734884306043543,-2.604421851924121,1.1843178967329673,4.717111086852117,-2.7242518073462167,0.9111087258057065,-0.28184100308889964,1.4586923443655744,-2.7056218573333766,-2.1892249240521298,0.5358245543570894,-2.3106165396469978,1.8152814135906437
GLRGC0413,0.20967801878876036,-5.043576532409561,6.739305387500565,2.165277005824754,-2.823251851490048,0.5991330514342855,-2.939598236029198,-0.1039456565985537,-3.803714164950217,-2.529503646082698,4.866478803496507,7.15091048769511,11.934435427464134,3.943905379420206,2.370053369507906,11.612496433630415,-1.2968658038218355,-10.160197058674981,6.446384237841461,-1.7723183394843067,-2.742432776497352,-2.7190782137976774,-0.8477489771655939,-6.990346493859929,-3.24185922203838,0.2707507889372689,0.2852827684046384,1.2127857520256324,2.520722774750874,1.113850796435624,-1.8022944022388852,-1.2075519613568142,-1.5804081503552438,3.0000103327709025,-6.378201666790287,-1.0369246265787808,-1.0117499894915245,-0.9739373279509008,-1.0055151694647901,5.059515886318646,-1.5030215173562804,-1.048182171839345,-3.008817563940567,-0.22432677527519101,-0.36221380373553486,-0.922391571282382,-1.67893472897697,-3.3683589313809326,1.1440301125076553,0.4346946569110834
GLRGC0418,-2.8450703117240908,-10.760281221748514,-4.579147899442961,46.79176436878601,-9.718483141280831,0.28675983755952206,-0.5740249318781614,2.9144056073529865,0.07831141440442392,2.8555346721350223,-1.692944708163954,-1.399640765420683,1.1075968583814253,1.0744461370264429,0.8923888385211083,-2.2141826590471636,0.15183011196527121,0.05196929525670045,-1.330817227138725,-1.2008381212454655,-0.09447447707080012,-0.008880556770468756,-0.56707063784517,0.43842204465682216,1.2126799024537216,0.4457790877845199,-0.30795693451945566,0.6151427854194601,0.8961111214127195,-1.3207240703113436,0.6978896659366977,0.002526965043782557,-0.2590795661051959,0.18001350689119092,0.4349497802762632,-0.4696090974139858,0.44259874245412706,-0.15809073801924362,0.12355122415496823,-0.08180561616837793,-0.15279213216059828,0.11234847218664637,-0.5590580460458817,-0.1367775290773815,-0.100759641877682,-0.5834115554268453,-0.9405503308336985,0.6968362845021415,-0.2769070101864635,-0.22413268825475588
GLRGC0421,16.41241968784136,8.457649774069061,7.601881555006161,1.3449469524542024,-2.2458607035182556,0.6040331400002876,-1.69861174084148,-0.19708230446088412,-0.23694720801048724,1.2687280174481845,2.520867252695827,-0.03220021659703487,-1.3626881570615208,-1.522098342961922,-0.8632864661772501,-1.429683945425712,-3.3909974594146064,2.3663189664686186,6.103272403528576,-0.8896965838967481,-0.7480991503624097,2.623947393206377,-0.5893158560126324,-5.235039532354734,4.574692027529857,-2.7703809992088675,2.3443014722243753,5.16525191658776,-0.17792599707205528,-0.34129889397844876,-0.3485080693920506,-0.8622233316981872,-4.285443728637844,-1.7255540938236615,4.069234031925736,-2.6046819333846916,-0.4966100472597782,-4.30732609856136,-2.620994336762866,-2.6617120311173776,1.5606217025165041,4.105670321893818,-4.469233867906678,-3.2085986084568305,3.5966331810345147,4.3179022225697485,2.119503626320529,-3.0261055369989456,4.062783023048084,-2.230709326065573
GLRGC0423,3.9012546317432895,-3.153643346179631,-0.140024616034816,1.1075640736437604,3.1199573925733675,-1.9436084521153711,0.7906404700075662,-2.7290243074603877,-2.4670655175987837,3.2588429814663824,-1.1050850239057148,-0.3672988019425582,-1.2003420367301478,-1.4828604042318891,-1.5415062082489304,-1.3765035973689188,1.9417430732106697,2.8507433618705362,0.7465162709900679,0.49531286539009667,3.8871705822452327,-0.4813362300606001,-3.9923924135689286,-0.436330139622546,-0.6502612067676201,-6.39389220247165,-4.107823839515161,5.753444476158424,-1.9484471475846679,2.9348753463944353,0.5685965273663174,-4.840096809057307,-2.1297555746390566,1.081469033670903,-3.237999743780751,7.684182521824406,-1.3127330611870252,1.3629989598956767,1.6266123314000092,-0.031207312984744964,-2.0765681272877328,3.791620801383396,2.997609091829529,1.7899601095422233,3.495526678125748,3.525521522866352,0.478881298285432,-2.8639897462188455,0.30272781050898645,1.8032391384397686
GLRGC0425,9.556401194918385,-4.140523121538656,4.112764600501006,-1.8305278478452205,-0.3344821723378009,-2.3129517937756696,0.10796328086109283,1.575470013105684,-4.0667798774131905,2.449560940167357,3.173538007823902,0.6131266724099423,0.8293209282518621,-0.1372795823787152,0.25553844405845844,-2.7194316147373514,2.1501839023637705,1.556758815765789,1.451981195040015,0.34760327956424963,0.028352228616861156,-3.064188615045617,0.3277196392496429,-1.9425182965508199,1.6176686689068676,0.6349879095404729,-0.4550032326974764,4.34348552596397,-1.7938881256294252,1.1648612699570566,-0.5307883445524436,-0.5345520876489841,1.8415191674508493,-0.6172027860152048,-0.5640988261591817,0.05029360654695896,-4.0172441444101015,-2.543265267993011,-0.8482958001408893,-1.4753557227439091,0.7626203508930366,2.665150765700707,2.7301671837453885,-1.9162656609989657,0.7250264853452123,1.616082038266671,-1.8648564397609029,1.286606330632841,-3.483792800330749,-0.08772930113578384
GLRHD0886,-1.5272513720113743,-3.2995652422039212,2.746562720616331,-2.425119875704427,-9.437253288102408,5.157148651111094,-4.985797883293762,2.774040970319044,1.6808344618258055,-0.1639114810892062,-1.223351326309534,0.4770399236301678,-2.781542468168026,-0.18488961579376798,0.9539425940633555,-0.5648248355623108,1.6240169899610117,0.8331650549979595,4.424497797385952,1.5477206147917182,-0.548265892679689,-0.09650281184574797,3.7425318593336634,1.7521281401187194,-0.8225379080922243,1.2263942774084138,0.9764606131453596,-2.9124031225482105,-2.138388892058783,3.508175790966661,-0.21814626839189155,1.1130106198806227,1.1274363393847067,2.3274085126581854,0.16015128841630824,-0.6228876006930791,2.3969114666180005,0.5100306697463869,0.04858706387895222,-1.1229093369595535,1.697185943370078,-1.749455547545066,1.0926167462768797,-1.9894374682151152,-0.015034847524627054,0.3747485159895225,0.8910692804182547,-0.863296714995689,-2.433079575691279,-0.47231668141858374
GLRHD0891,1.6840531271113355,-2.9243364538381007,0.9459096456174605,-1.7805752358210238,-6.017871185083652,-1.6053211480293557,-0.6463242255611445,-1.0488214639042948,4.357772571954056,-0.7038465515625489,0.19184528146151458,3.1416641598088457,0.9072323953798495,-1.3086115939668954,-0.1616501160274658,0.7060375212685008,4.586843097154008,2.3399057447826968,1.7614181018591277,0.6420433990048986,1.4376355575507993,-2.014824989077764,0.32606623091398435,-0.010511496819291448,3.0853203445654085,-4.812657732024122,3.699401643296455,-3.6314119985420072,0.032870645198881804,-5.875995124867881,-2.0959216560662233,8.397606543707274,0.4674822873807925,0.6634872788827841,-0.32304244780647,-3.0529125235797667,1.3068907877360503,1.2033052702076363,0.2048606819500767,-5.206950437559621,-1.7969731028566656,0.6246614504255825,0.42499179122044617,0.07969151385086133,-2.4459074978788684,0.2087194656446626,0.9836659519016149,-2.830457930127379,3.87547026369416,0.7885416959300636
GLRGC0429,-2.422109722463049,5.631603505715602,1.9923480145610584,2.3969802414194894,7.050507527497066,-5.331232764297153,-2.477021652851331,-1.8781527923914803,-3.300011909542342,2.5890976457110884,-3.055536115306669,-1.1816055358692172,3.659893471971307,1.1781208253507869,-3.5975649844011284,-1.4888739336647085,-2.771933746144307,0.17145262994884367,3.8379211815503154,-2.1915341030137947,6.894243127434146,-4.239319461970129,-1.6654237235832245,-2.9443422754212807,-0.5802576276941749,-4.428055273056418,3.1814176421150524,-2.41380789842102,1.4361891908372666,0.9961431986359492,1.7222009529939848,0.09265186814779125,0.54588216550141,-2.461628643656432,-4.177041231381008,4.947347549584426,-0.8066094152053355,-2.008916017871439,3.232951403023463,-2.485932681776335,3.4579052804480046,1.2277809250414937,-1.2733415281188405,-0.7684172037369887,-5.244103617994297,-5.020553407690646,6.927519162779227,-1.6047712289823903,-0.5039092149766944,-1.5996629007402239
GLRHD0931,-7.118593274765452,-1.9393158141933062,-0.9904972700639779,-2.039560153181775,-4.100267175888146,-0.3966562936316476,6.15669695472756,0.9954085207074306,0.6381458536372819,3.588221909332597,-4.385745620458002,-2.077952759014535,3.323464156898233,-2.1640892847414994,-2.4090682075009293,-2.6471870145054797,0.24549065637095335,-3.8327028236549925,1.4117737255860237,-2.4555876592605235,3.51152768129867,1.4912801525164392,1.4338440432103001,1.6419105958925069,-0.9750306373869994,-1.9157536669758661,3.6030857079755827,-2.1763873735420782,-0.3650826632577516,-3.924486698648821,0.08780406945002805,0.88442183534755,7.97464501769709,0.592047616710373,1.1613901343712738,2.4066044535892837,-2.0575079753106467,0.15922174019076987,-0.08506700917290792,3.0304866764292155,1.4445849875475145,-0.5463073482567389,-3.1733093476892984,-1.902823181398035,-2.1838114113791023,1.4300696189559299,-0.9177916781761746,-2.1161803818189773,-0.031608750726872914,2.5761633904401897
GLRHD0933,-3.387953998027743,-0.08383847764311861,1.5176255366442752,-3.582342743570287,-5.615815488043086,-0.1651087603369205,-9.251010378079666,1.5590623936728585,5.1290281253211045,2.641376721883152,-4.896203282402312,-0.8042385557426972,-0.5523163784407205,-5.231056477444087,-2.1742607459805816,-5.753492691483749,1.771342426622766,-1.3102214494879725,-4.94000587651762,-5.51393421026574,-2.789480125613663,0.4156136836785974,2.4466073621986313,6.860588924926525,-5.344180493424266,-3.261833512993919,5.228317069151322,4.770142200321691,1.0293366202775776,0.5765149116657156,2.8540507419354233,-1.392142830340683,-0.732443323082931,-0.05296341142771518,-5.743336909101674,-4.726391088789376,0.8596752661914481,-4.642184946145843,-3.1528059231727914,6.767125887571649,-1.8929546406958693,1.3008624160753313,-1.0571463993351318,3.2410995202976736,-2.6158317370082127,-0.37708143710041697,3.140704334478936,-1.8054191396762318,2.7121537101823727,-2.099091631086745
GLRHD0934,-27.256770929419307,-5.897949341735628,-4.18216729028675,-1.4969509434781683,-0.7494029959476145,-0.9377839466127111,-3.9226978768206666,2.774554333340515,3.617526822056699,1.8425991471822007,-0.4792555981645542,3.3411380107595194,-2.2187053537252224,2.0562181694369666,2.285039407746958,3.816173346163488,-4.1999485918976704,-3.6126385836467425,0.6444552439497131,-0.20834351699091685,-0.6776948992081524,0.9717061703863938,-1.1251484430161516,4.54061768139161,-1.8408484684889008,0.3896231946155793,3.824573562104015,-3.226849662914045,-5.836233429233356,-0.8881936460236775,6.25777866207575,-0.6669203263955195,-3.295166801955869,3.9534582493549815,-3.610683572249448,3.4386905013507847,1.6966327465850541,6.820688964102895,-5.507269845661078,0.5704923312460137,4.110364257840378,-0.5897571281395878,-0.42275574368133406,-4.215526716093426,4.054293355889689,1.6615384932025654,-0.44553842256289705,-1.4525267282281369,-1.359162839416349,-1.9844554656172948
GLRGC0444,-8.337691105626439,19.61463194349416,0.783249754386133,2.647266654271711,-0.7783579170027771,1.2655449554435467,4.940613468540364,9.330898465452787,0.21076213276130132,0.7850733174370167,0.7271169104801521,0.2111021811035854,-2.682494428615842,-0.37899071439098053,1.189670849111535,4.516953126541661,2.1143736059690252,2.6005357810447096,1.739412035259831,-1.6800086714030533,-2.1127752430084628,-0.08529210110546534,6.427020549275695,-3.7704858079730195,0.39374833385588404,-3.9667353191867,3.9234217643088756,-1.8800410319047736,-0.7108824448362324,2.2401686642452985,2.396090584663049,-1.8180536677112558,4.675677669977187,-0.12037568924747706,1.1677825139630351,1.8165980219013091,-1.2683311862647197,-1.3474976596173536,2.581001381930754,-1.361994491725731,-0.1803813972815126,-2.4225090890146577,2.294070058389459,4.867870335398758,6.482784235373358,2.0742396614743286,-2.20562284177696,-0.7614555137761849,-0.06118836604492913,-0.3895881912387607
GLRGC0445,-15.086031316506187,-3.6289604726969875,-7.2964768289396105,0.3210734165332804,4.256427489562449,-3.1579980622170485,9.899172583151033,4.8219423501222805,-2.448550111871055,-1.7549572869462975,1.0555268263468007,0.8641988677507835,-11.313725674346207,2.692994775232331,1.5726162817580802,0.5550272777780091,5.666704436995092,-5.636429578247629,2.4837314004956825,-3.358194125208136,9.354199661115416,-3.0980599034640552,2.6784428718240427,-4.771616870692288,-2.3955238076241834,-0.04337756315266134,2.2649458705086523,7.171473434389426,-6.431779151898504,0.4712999250791158,2.424574510386406,2.110991800547126,-1.3199261449402286,-0.5352874087489917,1.2336764553812916,-2.1249490060618146,-2.7343377561508344,1.573067917979243,-4.505885888918657,1.6580380087640083,0.5783072820290815,0.5947960518735191,2.3148750033428214,-2.481116725987058,-3.7728781129231477,0.08194244198538195,-0.16893545700461696,-0.471685105272055,2.674806200383885,0.38695977674981175
GLRGC0451,4.225593598963759,14.364584940053115,3.134097033756275,0.9700366192295061,2.261089825028197,-0.13025496814425686,0.35620087018871455,-2.8884214565054847,-1.6745767782225158,1.6434288347927313,-0.12605858403369066,-1.8162483798732971,-0.5709532282118366,0.7987445079575337,0.49952499793184574,0.8557176242755073,0.9865647838778776,-4.200979705591454,-0.4416750555193097,-0.2969086101698628,-0.9845389728274828,-0.12013882333848519,-0.7937256896618459,1.098908987032944,2.9738087199407515,1.544010614855535,1.2581157221514456,-0.6417874213861364,-1.0084601545992653,-0.32653487529683767,-1.0617228959741702,-1.8077312675692643,2.4130877298032067,1.9830394430053293,-0.419531811045306,-1.771290694554041,-0.8487483931875028,1.0425027700776581,-0.8018899731573792,0.011281110394899712,-0.2934109617463656,-1.2175753696361216,2.829206198579467,1.3406723264727596,0.3382450628841794,0.30757463667473905,-0.7893413711694515,-0.35999360188375124,-2.1853323350867293,-4.19242005550018
GLRGC0452,10.09170625893199,-5.677732797985316,-1.0611885343591088,0.3051185824230323,0.8352168124839545,-3.8472191723950098,2.5087211455063527,-4.327113426334583,-1.7041434630961148,-2.4182534407345697,1.2006958810172002,-0.7543307887915973,1.3107022328350741,1.1189673816785677,-0.5888918111130244,-0.4696060097694476,-0.8461389416491364,-2.2170479041520132,-1.1690197237185693,0.6875405330393564,2.0201442736206103,0.6278526394162697,-1.2515577858063456,1.3711076776894475,-0.4010698048503322,-0.8558877946220843,-2.0490800186482026,-0.7184389698168938,-0.29417460503810194,-0.3617083393526573,-1.6575619104268473,-2.4551541389274156,4.39853514690614,-1.512643710703886,-0.3568779099606378,0.2963279083549758,-0.20703993507876267,0.7667228749617301,-0.17451668861722142,2.3895818064141587,-1.7368961782674477,2.493135225966011,3.0338863372532288,-1.263807009125539,-0.28740437676208436,2.4480499988388806,0.8971433781062231,-1.0795296036817936,-0.3391261401884638,-1.4121940218291948
GLRGC0460,-6.2704260350696,-8.348890554795126,1.1750600587428413,0.44928440293483357,3.086172133454591,-0.23837920896446504,-0.6933745425026208,-4.925247584185067,1.763298553591374,2.504914588941077,1.9750454833448838,-0.41204591178307254,1.7365138553314672,-0.9692493922924541,5.065202779106467,-4.860298767669584,1.9594437308328867,-2.4835172501294465,-0.01805473415109876,2.226832256037062,3.3020618901281678,1.1070979319903471,5.26547004902158,-0.8832212341944994,-6.600245389961761,-0.594226782215229,-6.465660069139583,-4.593347143360672,-3.808885566122718,3.137100879848465,-0.07988552827793065,1.5375891445342467,3.9119541373801994,-1.8973368231578314,-0.706423322309701,1.3884778250086578,10.386712002101063,-1.8084365340256598,0.5876316825850846,-0.35465441967302064,1.7103456790584444,2.4523849245886438,-0.9067161323763243,0.8187644667547985,4.418511827419012,-1.5173561386196648,0.8674203174912437,-4.16959634366834,-0.0907765897480344,0.41485122805018065
GLRGC0461,-24.554593723293696,-6.012377661870456,-1.1246924024869867,2.60973304441413,5.309653251876065,1.5998377672475452,-2.5433466460462895,-4.207988800829758,-0.3919937893038404,-2.383728757841667,2.0818551779537486,2.3565316331426462,0.3175557525188738,-1.2147764402491572,2.426529957426279,-0.6977345456982683,0.8342201025917829,-0.41005611918229956,-3.275568452385119,6.033286906898685,0.8273055014983394,1.5811798372710348,3.1079986386652085,0.10604361193659727,1.5067888227529773,-2.291340012063649,0.7585556582367495,-3.0498751262410972,-1.495234511905048,-2.270144475016942,3.6092808178397693,1.04423651782279,1.0059552069086515,4.244591953819937,1.9291166066012357,1.3362956928164653,-1.9916337997899443,-1.5687631673881646,1.4419766586917504,5.017238351019407,2.1552327288203132,2.145776583908638,2.9419465009884713,5.086460531967869,-0.310789719538116,1.910774128819207,-1.4196747871114455,-0.33894054192644063,-0.5239829065403709,0.05758290331937015
GLRGC0465,6.410696066844687,-2.7519465261940494,3.262578815822491,-0.09753465082878413,0.04410686472935425,0.4168915619651938,1.282591468346363,-2.8842357589871486,-0.48346613895252105,1.3115594771340036,-0.7147971216651011,-2.023368614545124,-1.87798747737347,0.447815305395658,-0.27374367015707174,0.45269795589792544,1.5376098815979466,-0.5337857569642716,0.1722511505751988,0.753893723231822,-1.4776182622099907,-0.5149035406138116,2.6452065527617634,-0.7488297856724759,-0.25801933506459324,-1.5824072109874963,-1.5773334054906545,0.7462163671161003,-0.17462645093027185,0.2791450656808831,0.05636261934874513,3.4666121146746915,-1.8278631076285246,-1.2766142307051551,0.6331473326847489,0.14649409285097403,-1.7467405490719987,1.5970119924887862,1.6514260597634236,3.0041542363002933,-1.014038918206046,1.5616798278947026,0.3043699216359286,0.8377288529377935,0.20653061178409554,-0.534748585456384,1.6334824707802025,2.232145676358694,-4.5226185568292765,-3.211909799928903
GLRGC0466,-12.138524215009186,4.0374912940721375,4.22200345030963,1.3813254674957134,3.81882938596138,6.414211123683694,-4.037168993360758,-7.00015895684884,-0.48039769739999877,-1.1858607677746227,0.6288506760906932,-2.8775138302584082,-1.2684388784445146,-1.3162299177869063,-10.032444628210822,4.315330203874254,12.17213880231146,-3.397198590566806,-3.2363510341855526,-1.6206440750342224,0.38043324605007517,5.182983603493545,-7.472118651548607,-2.678946017542226,0.7884392300109421,4.2553670618315715,-1.764976478508596,-0.3513527124133512,-3.3742153667238766,1.5942960349485171,10.561883783277478,-0.34470700585723263,2.17259488315807,-3.3392052559022347,3.144569800722825,0.7050537714912406,0.11504481299938832,-3.369439376945569,2.9267236341395426,-0.25697025149833014,0.2924148908550279,-1.6955394493855276,-3.8272499786311855,-0.6972966243185984,0.8479103765366172,-2.355245958258356,-0.6932706345166376,-1.7858820208798687,2.3113561974018273,-2.0567452718861623
GLRGC0468,-20.07401993989254,-4.372727774784456,-4.3142048234432675,-0.14509216774962772,-3.0571994958110205,10.582932077929554,8.74392619829403,-2.634927717306307,3.6133743468161152,-8.968270607747028,4.799444912917591,2.058233649866312,-3.5097301314300937,-0.19924813875362588,0.5870580920126319,-3.9718598998684023,3.697147869937627,-3.2386248305427925,-5.2326755581696665,-0.5481409131855819,-6.821101057440824,1.4157721573837148,-3.1385133453823926,2.0737273975456985,-2.5174515106587756,-2.415319327066692,-0.8805058914189052,1.2722460390896104,2.69417238399727,7.781794313846187,-4.544876597181192,-0.25935647315140475,-0.33684175104167213,4.299220094765208,-3.6671473159372043,3.064048275150389,-2.3348622115676294,-2.0800996254783493,2.4699616639795585,-5.864285534053895,3.961271027415351,1.5806575935353733,-0.6669490553272254,-3.055356350466457,-3.8560828272326013,-1.0803564600435012,-4.470063911516662,-2.173424086391639,-1.946947475775891,-0.277679029017422
GLRGC0469,9.033979763416564,-1.806603954669167,-2.087522684757007,0.7051833563526084,0.25473590624270664,-3.702282350486231,-3.078428467149789,0.7596902789999375,0.5736432837935888,-1.6605549116867375,3.698010369624957,3.7473828272366196,-1.166639677865065,-1.2499341110061593,-0.5016743806867272,2.5384859124483774,0.8612930072295253,-2.0569382402486536,-0.27466355607934173,6.299957298835403,1.397513287092951,-1.584729034470302,-0.6467570271438565,2.171993728117324,-0.5024788131709002,-3.1496829502505856,-1.7785230127622922,0.40085342020348286,2.02668615987416,-0.909866086851382,3.0942887044896135,-1.3916773417892534,1.218517409787375,0.8154463851680085,-0.6715135755722295,3.372938258912708,-3.138494893829364,0.4787969421771033,-0.23166996753679456,-2.8123420401777004,-1.6160890423820657,-3.634148025526038,-0.0007758368351513185,-0.5426986084351574,3.8893996064457994,0.5226111968120944,2.418678285139422,3.9679850315888716,0.06292603473622048,-0.3505042068964023
GLRGC0470,-11.87810926659134,-7.635351023561365,0.27008037356104,-2.2255907651240427,0.028325418707452393,1.666742163175456,1.8389113512392135,-1.4004052039361632,-2.882841243742603,2.7658822177125315,-2.4748300793760527,3.0264535978701805,-0.9215494267565402,-2.6271927750477104,2.0595586017656773,1.4764164512458564,-2.7649599658412587,-2.3683706788053027,0.7293046828877662,0.3690455738941346,0.9336496541549711,-1.8521509460489978,-1.3434439516601848,-1.1395152504766581,1.5892330104148324,-0.42525109010847256,0.4259909037519553,-4.024052667587382,-1.4717002024539507,-0.08346188308208059,-1.0866764448260398,-5.352521050689109,-0.4320773741729716,-3.186545172011357,-1.76868434535898,-0.6845735089209894,-0.1807430400291519,0.03974161663886019,-0.7861189394343654,-0.15023847580325908,-1.1113811718941424,-5.511663364743067,2.0746401422895953,2.5865281168497876,-0.9207202378538925,2.1156131509170435,-0.3248724186772905,0.5935957816191435,-2.1812131540124873,-4.130511948220581
GLRGC0474,4.624963171189934,-0.9067574163411388,0.1534708415831565,0.40492214682119365,-1.2957704854242564,0.870871173848368,-3.1951487528535947,-1.348073410789872,1.2707639669304052,-0.41030038462501944,-1.178165817781782,-0.25821983351702205,-1.345408689950491,-0.5277127176580869,-2.6821059264028024,0.6118610447114693,1.8202559869036932,-0.5685287001645538,-1.2291545769939585,3.593711873190993,2.515267762857717,-1.5310462966609075,-0.2941208678907706,0.3214931288424032,0.10646424137796254,-0.9847670114467091,-0.5265188698647025,-2.3011831530431595,-0.38932893977482547,-2.3318211588400675,-3.757961081213266,-0.6581211678261616,-0.9643033528969724,-0.25316267175404517,0.48272831590915277,0.7731951231031039,-3.519770773774491,1.0182245117570508,-1.106995453455017,-1.8773732522721704,-1.5644114227135422,-1.243737881810039,0.22546068396535635,0.03874243225892808,-0.2360748022445591,-0.10809088866356756,2.5935754857817654,-0.5255890115780054,-0.7690128846661077,-1.2430486650787078
GLRHD0958,2.607357424923281,-5.3575358240023485,1.3830026435438376,-2.5417951559013825,-5.28611811228511,-0.7202746512892563,4.328397050360861,0.5627416557764399,-1.1195217433982259,-2.6721668285962443,2.768831224877508,-1.8996998143518293,2.5428003967437536,3.4377731037166464,1.6930658361384399,0.2905121750882561,-1.0741215699486448,-0.1945853405360176,-1.3221249429509316,0.9910947386541423,-1.142636314186884,1.0490753448362475,-0.12160594010473569,0.3887031901489405,-0.00485687749356433,1.0830225137789056,-1.6456003932965482,-1.4055655592680072,1.0163689576360515,-0.34383205791264937,1.1818956932460143,-0.5272348706392179,0.6859506814181657,-2.530745734895708,0.3055084708662401,2.053411529386983,-0.9611214910253587,0.12393700928731656,-1.0734779779839336,-3.361350700443395,0.1915511939769436,-2.3531742174697077,-1.0201355382182615,4.228093935061939,-0.22355123567646282,-0.2662724508766252,1.2528727303699885,1.591822305764029,-0.7495500973003556,-0.7445075785597097
GLRGC0483,18.41416713172802,-1.5318484941119221,1.0644637983355707,-0.6192704595392959,-6.817321878909736,0.24460327326727896,-2.08146722384003,3.042626281019172,0.9551974696989223,1.0670945684012354,0.017724714414153592,0.033081380391446875,-0.22243795817483533,-1.4987887573681171,1.5075230508669857,-1.6290874769254207,2.5807936722773874,1.021710485486258,1.8412703934699277,2.9315581845260343,-2.6990664504535564,-0.6347940772937486,-0.770244510105478,-0.7225218180305533,1.249190446955186,1.2826656388923572,-4.291711102476142,-0.011117745966650418,0.5157172389748355,2.644413736964049,1.5251695121417197,0.22639401099893133,-0.20035031937999864,0.8832632023621771,-0.01880770096245213,-1.3703103360001296,0.531742034567112,-1.5933072261087793,-4.109591454114462,-2.114794631778772,-0.7218523180974089,-4.24071472115615,3.0030101203718518,-0.08534230870669136,-2.4828623824066582,1.729023053850174,0.2131504606239113,0.736423648345737,2.4988395477098475,-1.3202148461247822
GLRGC0484,9.629931371390153,0.6961359139161573,3.0505809447676935,-1.2758523006346592,-2.3080227007805685,0.8811441850050561,-1.174470152383516,-2.962569675647448,0.4907784802005093,-0.9385437345542467,-2.488841350015725,-0.6003129587572722,-0.7365825040600864,2.440856857331597,-0.8943108755010473,1.833589373938398,-0.9465577998808661,-1.239198045108765,-1.8479826529106749,1.1013291036915904,-0.6767888390044274,0.5380965132565957,0.03939216285665901,-2.206457050933364,-0.5209741598233278,-2.631667023549363,-2.730394960744885,-2.638470468258216,0.7504311488288182,-2.032089934535557,-2.903244264879653,-0.4533946133695865,-0.2544949313319483,1.1702084052768187,3.7873620896154905,-0.29363127553394835,1.7498525785619203,-3.606737641016713,-0.931423941655121,2.4790683878434487,1.0555328252487204,-1.2196039408049761,1.1429949961979713,-0.9049017502471589,-1.2592911408262681,4.465594305195467,1.4004832624168606,-2.1540196027488507,-1.6448840210295648,-0.026670534159575758
GLRHD0959,16.151598864975625,-7.751336422621004,3.791548777320045,-3.1966096773265726,-8.769335937356201,-0.8514975862615172,1.5189413319491951,4.621575162604447,0.09755206760483084,0.15158662068251252,4.3824956234790555,0.5542795155054876,1.06103619111154,-0.984501174439094,-1.0418759350104432,-2.3017088555686183,1.313717279334379,-1.0480497848909145,1.073935501357634,1.2650893315906666,-2.538793292984734,0.6168438860598715,0.3038107527607836,-1.0254357628239672,-0.7693632346670608,1.0973569070711486,-2.747357977818471,1.2913979424854267,-5.2061912933161825,1.439567487988782,2.221638600674065,-2.8659610933609945,0.7494431619027071,0.3139499291777523,1.6113610119689201,0.7168666806446145,2.0073575837195237,-1.486856048461434,-6.129991901740474,-1.4215341113624451,-0.9940829189018029,-1.4719378179881155,-0.9747428409635701,2.4314102759332883,-3.297016169492711,-1.610315272157286,3.9811463051183216,4.893564621470478,-0.7032325533439713,0.5816714131935432
GLRGC0487,2.396653490076408,-2.0279956701192896,1.8112434755849947,-0.5890861490366899,-0.9431296906571642,0.41830324018583054,1.0427059876969693,-2.01309757842303,-0.5855112429438671,-0.402366352657011,-1.2114324444564537,0.18619963546038426,-1.4361611385933553,-1.725894078567817,-0.4925924763492882,0.10447821959178441,-1.4625250664813656,-0.6042603891749768,-0.1536831418878459,0.6995388289623978,1.3947446858909753,0.12421804273535185,1.642566930746909,-0.1527311243793939,1.0163650210756539,-2.0378855993596217,1.3001166420243662,-0.5178038569225191,-0.7340564980086243,0.4220752909989354,-1.5809546305677291,0.6391751356975138,0.8407824694756438,-1.152873547287334,1.1321171796387373,-1.0890342883909891,-1.495124965438091,1.5681224360381087,-0.3696992262890313,-0.20697187703001624,1.630970922757095,-2.6652104341089182,0.4632861953051064,-0.7313492814537741,1.0432121766741669,-1.2417518600153994,-0.3408256884429658,0.7229303096225341,-0.491491851066526,-0.7596151510563337
GLRGC0489,-20.833465108466616,-11.881797839603708,-7.829142836316566,-3.1083565362422303,-0.22185423997788395,1.353046746877055,1.7241785448155154,0.6968578925806569,2.0548570204134475,-0.3017084697158005,-0.13723203915200807,4.116364481735388,1.622123514705824,-0.02816665416435009,1.1973540539909162,1.5110992366187066,1.301729295363195,0.037295997549038305,-2.614647875986849,0.5760152879568219,0.7052182922584098,-0.050275839884489755,-0.38973625379870674,-3.1264900228745383,0.1814559015953929,-2.9902118875936,1.7071845571328816,-1.954470661019285,2.1830333395450454,-0.7780503458284168,2.3061793144389666,0.9629753105279266,3.0425477629882587,-1.8992540520775911,1.443739938968087,-3.1359170123829316,1.7480467451604103,4.578764325230593,-4.245028689441875,0.28303575917762785,0.003704757406626424,1.0226646647349462,-1.1311018249706142,2.198047979041075,2.5720319540263508,3.3847970368414337,-1.3979012790899983,-0.26692587735079837,1.6010149230060444,-0.9057774179599403
GLRGC0491,5.932946236878972,4.76706250714677,2.4906886298292523,-0.1991840098939805,-0.3217888471121848,0.8444414345136906,2.528272854354717,1.6085367650620646,-1.6202818093282794,-3.5896820292734506,2.2252372883041387,-0.006839674413834069,0.2058527320327274,1.273038324584638,-0.25205336661045175,-0.4854111843149172,-2.2368827004392915,-0.3893239187282033,-0.9807403918823769,3.906706929737207,0.2076664613326555,-1.8248349235391372,-0.10893060198852125,1.8417470660548956,-0.06843255181300399,-4.191442488611152,0.10103047896062492,0.11166765723252167,-4.964667120188214,-1.4153417948488982,-1.5365795760173329,3.938132584110054,-1.9858552443192214,-0.9864137842399637,-0.8815212419482111,-2.3074201486889727,0.7910446396753299,1.802454525546562,3.2376871748296936,-1.7101329142259367,2.026528773270485,1.0260443858499735,-3.276850194206271,1.3797685389302863,-0.5209352403663444,-0.4645960071596934,-1.241456367776662,-0.8821186849216505,-1.6569128432095108,-1.5985335099545808
GLRHD0829,-11.07693737466058,5.088443394013172,-7.13391394222716,0.956409182619447,2.0850519059310253,-3.8166788195906594,-8.156588688343312,2.283833511010561,3.5926793571131688,-2.904648235500906,1.671871894249164,7.236240966083733,-7.970494196927957,-3.4750454285686594,-4.632280055655597,-2.050245292839421,-4.852972668242002,-4.88205973386615,3.9070534193608335,3.009432108230078,0.9754746082095209,9.535778580739013,1.1306429400953661,-2.539747515054329,7.3531903148126645,4.095924876620643,-3.245325591306408,4.496920461372761,1.572680709658717,-1.4389308459285655,-4.478957261286607,4.517642506237142,6.5450069453096,-2.671866829316641,-6.84767117606859,3.28894017951505,-0.02454634692126334,0.9022425050776898,-0.4936416811334047,-0.45716139639457876,-2.082582918114498,0.38902368823485756,-3.617622968207799,4.974807820555478,-0.8508742254853735,0.919459257943964,-1.3383807652417874,-0.40884653649115976,0.1190477667515566,-0.3552749475303638
GLRHD0850,-5.439240549828468,10.141424152952487,-7.031343733169885,0.42501580987840054,9.208073716508482,-10.512961610195017,-4.915129169134907,2.6657971585932394,-0.22659032964342646,2.51313617802096,2.2902566330854808,-2.1468078394934786,1.1564096510118638,-1.2254489483687947,3.2426633770591957,-3.6340041973039043,4.314551148542679,-9.922201000494505,-0.42753719762717507,-1.9096013137587973,-6.1402087635127875,-6.730397146030033,-2.400011199127099,0.9839423110119132,-2.3680920509987757,2.0866990472594633,1.569364201290192,2.8681025378756715,0.34947554614256987,-2.7244207102972764,-4.507855134398255,-2.5600422527359807,0.880825999984298,-3.9899965708629903,5.052150877936324,-0.6088740863318046,5.583755830849554,3.913045709936638,5.852396924870881,-1.382526955556574,3.870645319902751,-2.2207440482882332,-3.472878082982109,0.9503223933152101,-2.5982404772503958,3.0006774251499144,-0.3143764204168815,3.118107678314923,-1.1368730408341226,-2.428901102056634
GLRHD0855,2.9917656048608063,13.169793609399022,-2.283162618985921,1.2776585190024894,1.1422307143514805,-5.702079733593418,-0.9241580365042245,2.5686997345539657,0.8249119935410121,-1.0646319494985734,1.158157984115687,-3.588358125537786,0.7067960927783036,-4.74730494657667,4.144375699338987,1.9111138568432926,1.1995799578847857,4.039760517517408,-2.4713085094193774,-1.1448453994485421,1.5138187485825656,4.278201154205989,4.386867050857824,-0.9709573265511497,-6.031581247292027,-4.4230527980750844,-2.6266149012088227,-2.0742070765381766,3.956645979277603,2.110137965473204,-1.741888854122198,5.280102461462465,-0.35393337637808914,3.2103726374561354,3.1627706797137045,5.2442394951119224,-0.7727536534358682,1.2595677134582353,-1.2828024582911315,1.8611729567480675,-0.09679276421208781,-1.0629155572613085,-0.636676214942273,-3.1044306624824114,-1.4836283135115496,-0.29830945152356125,-1.022469212126561,-0.5516983536372234,5.457232076916992,-5.7143246654412145
GLRHD0856,0.5066908304652121,7.003824062462073,-2.8302373510222125,-3.529500218028174,-5.397081221744323,-7.73625051396482,-2.342036434653369,4.306518039611003,10.758050993331171,-8.486162781647113,-3.818135630198982,-6.007016609755406,15.43548900417315,5.839533704498689,3.5733386829749034,0.27071573409903926,-1.8364704367208382,-1.2836757564326664,-6.626245172466701,-1.7206850656734591,6.1786919311458,3.373796496872485,0.83767163110994,0.9544592984274255,6.581593492637695,0.10885479164560007,-1.969858813529211,4.836921144236594,-4.793166003037196,4.880373779195552,0.9309625339524243,0.7986820051978698,-0.8509057700521209,-0.01334856350812727,0.001042501818053285,-0.20682951444097075,-2.164997668216312,-0.38431445215405646,0.8420215910890596,0.028840641137835188,1.5414931541499233,0.2841926416745722,-0.8108772393887387,0.08611829456837998,2.836321282133598,-0.36883287275980337,-0.23995036198573666,2.30286158094355,0.4667948127330995,1.790414338712489
GLRHD0861,22.781286257535193,-9.544691563761212,1.4025101449488804,-0.5060040296976795,0.593982841256808,-0.7113273485100855,2.8791910338763755,2.005138961281402,-0.8601746371166903,2.8401857536015074,0.7129099372011238,0.3196455077752292,3.570290318800232,-3.64018923971111,1.5403138928567295,-4.670311837228473,-0.6601347568939906,-3.075703946601686,0.7571585522769695,4.216453253279767,-3.1842016596485085,-1.8521957718047544,0.3653162948897303,-0.634812569376637,-4.197872403147655,2.17448569270037,3.203989602766542,2.0707827092365667,-3.4385693565340416,6.2619926348440105,3.2422881997562785,9.29902067032333,-0.7540468557358166,-4.311582044185954,-0.2558471193552881,-1.3184926023808383,-6.311840449631606,0.2584306030022225,6.049529951099854,1.5712023017611534,-5.742342760361833,-1.3562437074693694,0.8222895945089629,-1.4704232505642696,2.1444261255465076,0.7044664519725157,2.388744613972189,-1.9413225209921645,-3.513585409010563,-1.4940265234384436
GLRHD0865,3.4898582181972424,0.43495444192260274,1.658602023123013,-2.08430673676959,-2.6646856472303697,2.8939931865983817,-0.6802579330179099,1.3243769201927758,-0.6206905398516531,0.941876958860472,0.6187684810430512,-3.922088784143408,0.2544552952656949,-1.1162622610320518,0.6916412349886734,-2.4012456902109762,-0.42278181607036225,0.8242446432871162,2.2227041758379147,-1.787656747512376,-1.5040902051770952,0.5799631052977573,-1.1271836281083525,-1.4755278542745864,-2.073896113281769,1.0961556390099356,-3.1376516928961258,4.239219825918093,-1.0690258589612738,-2.7732761901488616,-0.915358481702432,1.5909288951765195,0.06710073295409488,-2.2376047780849007,-1.6296774991377225,3.365698161351316,-0.4643518065925246,1.9169408705583126,-0.059146048276650945,3.720781686994568,4.628103335368619,1.8850517406383684,4.654778099566063,-1.4936487632745588,-2.092916975071242,-0.27351454533416536,-3.0261661623800737,2.9427916108337677,-0.9301959299274764,4.193456279537882
GLRHD0866,-18.539478327133207,-4.168453246098674,-5.011046599604903,0.876922648170417,5.427271221366103,5.530146513016787,-4.869196332907729,-5.285192647335563,1.7074835683843184,-0.10145523716265563,-6.121786005684096,1.259443152262037,-2.3537036204334374,0.6944065044755442,4.0784989236672455,0.4378060045101305,-3.276196812974246,-0.3801410175543468,2.288397079083529,-6.848154227546055,1.1192820201604043,2.189041753549023,-2.2215266939536455,-0.3347156516146829,2.94142950279475,5.716107285310626,-1.2027729784976597,-6.841956677529347,-5.0824137352719365,4.902205882121184,-3.033075737895657,1.748453329608395,-5.189856069162025,1.3492108807336358,4.390960168840279,-1.1694098860187536,-3.8566711562452043,1.3054442191517526,1.8174364691458975,1.9487471203588649,-5.732993712849138,4.5126601358600045,0.6551458356696475,0.8886714870586836,-2.846174689222154,2.4405607563545515,1.0619345913314846,3.5613648646539557,0.5659932855482404,-3.556656939809763
GLRHD0867,17.408309053081467,-7.544550242247892,7.024188591229567,-3.660517673916779,-9.700412320289756,-0.0016178591701642708,-3.4412504123589533,1.102835706475526,1.4571402465213636,5.937421146259402,1.189449749394552,4.254129830520576,1.0162978066505708,-2.620057926556222,-3.141765950900527,-0.34556911217017,-4.00072995165682,3.8785529366126794,-0.50425168964242,1.0857928766058111,3.065181632293004,3.031909722614861,-4.50652044466021,-6.12563880330093,-0.2828306786137262,3.6102873527125015,2.4910467878500304,-0.7819648480232363,2.2191980949657952,2.6390379238287154,-0.7087107543401743,0.06944146579571414,2.0709747123749023,0.4239347602632626,2.3891320820865096,-1.1355542244925654,-0.44220056018442344,1.9331606980346185,5.6110812345454075,4.513206830704525,9.120099897265703,-2.991040896940457,5.09417189226339,-0.7786502926634976,-2.0534065792721132,-0.73907378580511,-2.003012535677438,2.300687694273986,4.07332269260374,-2.187175329291015
GLRHD0873,12.666731940015126,1.6316655535563256,15.048932213091138,-0.43572889210924715,-0.2077437335997537,-0.033711690915246645,-5.778331448215097,-0.2947112720281648,-9.464622002480576,-0.33929572731077945,0.17228492854010377,-2.90222066515319,0.40047450097362114,-1.7793415633280116,2.3597938636808635,-3.103325258008896,6.046679086512756,2.0051021495074735,2.0244358101851043,0.05109032705797972,4.339248297316843,0.9205364990551784,-1.1116043053022715,3.2299679295313934,-5.564309960439467,2.8876324516663616,-3.8194127440567702,-2.1786099701690116,1.0857377117369318,-1.3665258950079089,-2.0122170237659964,-1.7513122808328692,-1.4660845246436525,1.258601164234868,-3.4846209420527825,-4.070245577725879,-5.283899023678549,2.22372803005574,-3.541151526338843,-0.4009999552969902,-1.6270942771263193,1.343425295933905,-4.300798700364457,4.592135037405415,-1.0029353895599453,1.0928331706281633,-6.1081459364340365,-0.16802678132391222,0.788298987550635,2.5625483062739645
GLRGC0367,110.98304394454028,-7.8805198695217795,-16.995186836584,-0.42906980576259157,13.392234426443668,19.55378831515423,-5.7952806202381275,10.008174301501622,-3.5390081721284328,-2.1013547193500375,0.20418099983253044,-2.1152935302492355,1.740187232296271,-0.0597369713690675,-0.9325960282218956,2.007823536017441,-0.0918341210270683,-1.3954622034270647,-1.600236064815066,-2.0316897259455144,2.980135166755666,0.30110271116697673,1.563413847228686,1.5710110378303823,0.45271787830733323,0.5131065898672521,2.006979758994808,-0.6748176694471245,0.8697602577307688,-0.2675201713730533,-1.0681480351942392,-0.0978912634439182,0.7980704890181093,-0.5301880662804277,-0.44391983294050164,0.7365111384580202,1.3060359699402586,0.25415920662421626,-0.8574544563399618,-0.015417004028517343,1.5196033565357416,-0.17971657795080304,-0.40837650244874774,0.22070510016646594,1.5254103427369683,-0.005731451579419376,0.470514014064098,-0.4635453466359121,0.869160036304892,0.6372340996913147
GLRHD0883,4.642934777689698,3.790397795274565,-3.411456015575829,1.2082218223801824,7.960022756998504,1.3240023297142507,3.2074458339416654,-8.945803051295158,2.2515563417085542,4.070954568101063,-7.42246818216156,-0.18222748871184866,1.8859975012884256,-1.5898900383003673,13.281778839827382,5.643554941868858,3.985529699677599,5.60226383352911,1.5014675506327573,10.621553313971733,-0.33818610804622984,3.1993835268575195,-3.0041038852463955,-0.23193554789529874,0.7362470008529892,3.8939762453969045,8.152977373134014,3.4805926283134148,0.7615350604498767,0.12022014815369202,1.209110033177032,-0.47823510663075863,2.384630338562253,-0.72004230001802,-2.2301532027972497,0.871278684078491,0.14264621888870108,-4.563998875514894,-1.439930671118688,0.7691815100670593,1.3836124686046114,0.6382245197853179,-2.927957651422606,0.0009514275433120153,-3.714137345181316,0.9649016016833409,-1.0621153842358633,3.2525943660441645,-1.4588776052555037,2.6171439044702387
GLRHD0885,13.926137554758393,0.5407968277170577,3.2505995080273498,-0.7099672815590273,0.9150467856760887,-0.8314089098195055,2.4898725585818817,0.6243334294811732,-2.007659583028691,-0.49530588880509624,-0.7944892998615999,1.3283673426406062,0.4423634452084574,-0.6942894301185452,0.7972185235280524,-0.8380408032608788,-5.408001504460573,0.3929788349749425,-1.9650538951241754,1.944102488874597,3.426292515518772,3.109246707554376,2.789561598236309,3.2546244793380112,-0.6016180745505243,1.0483717749600818,0.7834529085591849,4.521630902059809,2.290385342192743,-5.190474121780399,6.4441297701156905,-4.809673186871468,-5.1573070043274845,5.774583899555406,1.075710271173777,0.32494857413232936,-0.4768445285894354,0.559312916267153,5.075529507924713,-5.460506226657098,0.6453081894984418,-1.320394202807965,-3.0153692273407477,2.5502883989545104,-4.713288526192818,4.619818481165969,0.3773580516598721,-3.624366981616914,-2.3511791935216926,-2.675950541156955
GLRHD0889,-17.98229777120723,-2.8872405448221525,7.151309394486231,1.3819123913681044,3.5484572752622734,-0.9728466111489028,-3.7854321872584045,-0.7454542685180325,-4.433518422550269,-5.4803751916422065,7.359552322554975,-3.103270235565454,-6.215598134397693,-3.318544874975775,1.1826840396248615,0.891361461044719,-7.853430710131639,-3.9837443924649416,-7.892631011245427,0.08818815829837881,1.8263565901254493,-2.020649948889217,2.6591479189087095,-0.6102586629492415,2.5021197429725013,0.8246813320692384,8.2666042230752,-0.5378536307898647,2.683045189095719,1.2526565039263673,-2.2148635371744985,-2.293335344173872,-1.6976524944620834,-1.453600713485692,-1.0834603457650345,-0.7036677725601544,-0.4033086733420662,-3.9212948367623266,0.5203798337456959,-0.03881925318448318,-0.004332445739019014,5.005929889996264,2.2254991776952577,-0.613836988657738,2.226773657508118,-3.7232848033530077,-1.1396263254770969,1.7497570367633448,2.599694340307191,1.0933270868259735
GLRHD0892,-13.075884327251625,-1.659634051206691,-1.4893503739733138,0.14057851398529742,3.5294990794386725,-4.342432363649124,-4.965688214245808,4.351277582882466,-1.0173642128914218,4.692337795948239,-0.3691020457301315,5.211966307292631,2.2753712108424615,-1.9969497648942551,-5.974840324937327,5.224037552270682,3.4057193239141488,10.520582379681596,-9.657002892265725,-3.3223433683565387,-0.16726170583338706,-2.3837446606985684,3.7100165258837854,-4.965385546060895,-1.635490642747853,3.6247464686929995,1.1249620643208096,3.8623569127757706,-5.155522324682448,2.615438054720971,-4.6068134562703085,-2.864297420478727,2.065743506835207,2.388265820036513,-0.21765498019568713,-3.7093106598194336,1.2147637130059588,4.335138554719635,-1.260923437080535,-4.255245817428944,-0.6914581260678313,1.2966177926852542,-1.66704660519052,1.2753472535566044,-0.5432161740862094,-1.4975816140826654,-1.2784729132640238,-0.4083610378870928,-4.463231653291566,0.32091727516430235
GLRHD0894,-6.6102168310970635,-2.4918970110917553,-10.367002855083165,0.6256561140948924,6.603425544326349,-8.438474845175772,1.3772257155926861,5.235413589695882,-0.7171049164702556,-7.115646605872181,6.469870496918043,4.590420241072644,2.680201832332288,6.7287929016569485,-5.3195769700292335,-4.105499639223114,3.488716033410114,9.759955454904784,9.658955362623516,0.6148568248732063,-0.0424228479092645,6.9492979059773985,-0.637109132408111,2.603836883699588,-1.4387519448742419,-0.8294246803208608,3.407156419900253,-2.499127369463089,-1.3652582141906198,0.6844318340863059,-1.7263769461749638,-3.6044391579182995,-4.2266231154694305,-1.7258852661113637,-0.28791494275767693,-1.3984036572825034,2.859380815326139,-1.36996118382397,2.242092297516535,5.668128214403179,-0.5688711197938026,0.04264980217703715,-1.1056126185570816,-1.9955363882364507,-1.7760199697525125,-0.5689237863176803,-1.6688075010609897,-0.41595979396847166,-3.1071481874523417,-1.9315723327104561
GLRHD0896,-5.789622260715531,7.929482522495304,-3.9502986997192187,-1.5519979945457738,3.913009914638858,-2.4913064177746214,-2.5653896527244577,4.103979321331184,2.227547672507582,0.8646214640201446,0.07985825800968738,0.5286877621876898,-0.5946100764183758,-3.6602997463514986,4.138558066707152,1.0559612885181642,0.13534703611082524,0.43511534377899935,-1.0648551079986694,-1.8272654652294282,-3.9166210112510726,0.37211144551877934,3.828793378427283,-2.296745719173491,-0.9162420687969034,1.12289307937745,1.1491925075423524,-1.2165638577490276,-1.0103037083212962,-0.8374339737139553,1.436245265047567,0.39787045711285457,-4.726991599650431,-1.048894360222789,-1.7715403911119783,2.7960715455456246,-1.0196152587131249,-4.7672036925761,0.14010839700537606,-3.2544801180245293,-4.1751301935470195,-3.958099739386595,-0.022599280697090322,-4.326499326510605,-1.8846824162576763,-3.0353115711280814,-2.8013752669546252,0.36837825746539254,-0.06584510289310527,1.2977174826685756
GLRHD0909,-5.253518925061357,-7.445049615623015,-4.131250875485697,-2.045442406601859,-3.866605307227184,-0.8866840614224136,-0.7501799983576222,1.0373420958855002,2.8396951977261016,1.4332839391868624,-3.087191281165021,-1.620585746331325,-0.042629284423544085,-2.9063282705714473,-1.1480562563855343,0.12719233678665368,1.2034897471444546,-0.562675568140416,1.0513208324020773,-2.4505295634765143,-0.7980849067516047,1.4924345753315404,-3.331326020898938,1.5603398784554634,-0.8065077798855808,-1.1339253505710236,-0.6659575281826586,2.178373361556769,-0.550023370869948,-1.012038559711852,-4.003274899006866,-0.2630626537369765,-1.0859202305608262,1.3840431926920091,-1.2344067192868138,-1.155888738545191,-4.7106368991221235,-0.9370294459219048,3.0360074027737474,-2.1600514479587343,4.262439087904099,-1.0535044975860308,3.0542979674370865,3.893115823113678,0.6718229411786709,0.18737227474386323,1.1543358790284508,-2.761975043081407,0.8062596329199592,0.4506485482971364
GLRHD0911,10.338138508353186,-9.308026403634083,-0.2651475857061671,-1.4369068667474478,-3.085067590168038,-1.195842279369463,4.060312509698614,-1.707495725275707,-1.8370240824832262,0.15230216959279458,-3.3679772854621333,-0.45815917001294315,-2.495395468755314,-0.7777242106228389,-0.6548319026297148,-0.3052476219100497,-0.9465381039729951,3.669070157792001,-0.84375205972247,4.5760066734335885,-3.317813978384457,-0.31052932034824526,-1.4570764855178069,-2.8539905625556026,2.090116617339339,-0.961247978811902,0.21814891967018923,2.0303461595977668,1.0390915295088088,1.9557556937664913,1.3066219295425694,0.8377141152418949,-1.8804787980724516,-4.536237295887083,-3.671753985789207,-2.0402485521319043,2.4875455966196682,4.365102297007071,1.168770325989265,0.7232787303737294,1.6162229355383961,2.424137147634344,-2.7397097701244846,-1.9285230389676076,1.6278231433694903,2.007472655918001,2.9282398270271237,-1.073175571564777,-1.3959273475423728,2.952512659960382
GLRHD0914,-1.3013911881973281,6.233135167511411,8.274569061499163,1.8365243268487625,-0.5605473023812447,-1.113672419011999,-2.740847814138511,3.944936794122403,-6.314326749702198,-4.138750727695882,-3.457192329936788,0.9187519233632214,2.156973427149162,2.8287091156392408,1.530262481895947,3.8878413263245424,4.540068512653478,0.41972286481090487,-1.1605144813312076,-5.004006500037472,-6.7029464533063585,5.913291870736822,2.583293432576274,0.07997514293242809,-0.7881175675104838,1.0903483058730083,1.8009259675808442,-6.962973017729233,-1.4625143233977542,-3.5975870350489587,-1.1663049268785606,0.0918415829456243,3.7287737334893256,-4.007917785318286,-2.518294834056438,0.8345749688288191,-4.3457912126006075,2.381007268812547,1.2198366774369829,-4.074487153882101,2.0411558163080157,5.239904076317283,3.392618727907339,-2.984883901317547,-1.510885190237069,3.5253026361047546,5.943098855438949,-0.5024635879125918,-0.40450432013951926,2.7989817593105313
GLRHD0923,7.713516840594439,0.012231393406431026,5.598978445500479,-1.779563667291781,-5.8604729596073,-0.9581856056473068,0.5359429543748397,2.9356819128708755,-2.9522929163789686,0.0424505674234655,0.8555477167140133,-3.0747457846586377,-1.8313937354813121,-0.43528116347329066,-0.47175729890481555,-1.437794205537678,-4.9164775361031205,0.40685471436926995,2.0139895271664474,0.6317001689589706,2.4844904075018976,2.4636020709227817,0.8334605524976127,1.832727747298193,-3.583952249867953,4.148965446438998,-1.9345974260915904,-0.5690815674546061,-1.7554902961780976,-3.815278836809865,1.4633579552033382,1.3660728977234402,-0.03025993522819123,1.8662960746198278,3.6146793335385095,2.830901288171183,-1.6830679648903195,2.636183286628765,0.595756178846618,-0.2811871581294004,-0.5781060285138135,-2.3697996086117112,-5.652977582571796,-3.5027960750385856,0.20919571392640196,-3.3950044384920095,-3.7112283370402572,1.8349047931382374,-1.0723532290782627,1.9856431105185572
GLRHD0925,-18.83459747376003,1.669024385691618,-2.9744377988531223,0.07317349430820905,3.32529841715054,-2.889891500744711,6.134166809102017,11.09316785951999,-4.7556841284903815,7.905746354472294,-3.1753763494691496,-7.621025787552039,-0.0636739558575018,-2.4716835217675786,-7.028220390430505,10.625698952642415,-5.628502364206445,-4.006400428080306,2.2802951078251903,7.079309762939922,-3.1834409006701763,4.5543129561206275,-3.6875326982571894,6.707190530347033,-1.1442434749659578,-3.1165408857401977,-2.745816376215361,-0.8716120908711965,-1.3734881099260454,2.8910060887593567,-0.6327047330235624,0.26947768209863954,-0.6339740608577492,0.5300065040807945,1.878376937178795,-5.235608217631475,1.8877773907285218,-3.6280849867781964,-0.9516487094528597,-1.280327158579213,1.8605337335224632,4.377278631018889,2.1615078375485335,0.12166785922288043,-0.8734047742331761,-1.356637842165691,-1.2282223085233637,-0.20355432557164657,-0.27708543187010576,0.0891328420944704
GLRHD0928,-8.587499826775847,11.237476856761615,3.679569191128113,1.2532918984391588,-2.09676241338337,6.750375875020994,2.797901957988619,0.28330548148213547,-1.6813844193839593,-3.0297855833456935,2.223606543210824,-5.1004171430559095,-3.702944705156996,-0.3894810458086171,-1.755138552458169,0.21977166846129145,-0.8713522239847761,2.1742608876735137,0.007961083009637306,-2.8171375845758173,-1.0131664592971148,3.7714235873590005,1.3731243396664918,-1.4109934666001334,0.8712906227858321,-2.0269617576176797,1.781252025016536,-0.5676467122018871,-0.1848478459631538,-0.9910757043780738,3.3306515559646086,-1.9589113735896233,0.6053470504942088,2.7827962487457256,-5.487688637933721,-1.6558077041753658,4.46165017634376,4.948611624691356,6.446042156392249,5.482221124071348,-3.040599753359777,-2.976476527571826,1.5120569093455916,0.5255636640152457,-0.2862266894289129,-0.3296153408456587,1.9352499274379698,4.694895668223252,-1.5277741252907984,4.088833829357893
GLRHD0935,-21.877662514893885,-1.4002348738722687,-1.5050661800893286,-1.7312488650501798,-1.6630864198433977,4.093936376600735,-8.750420025457865,0.16654194993756058,1.9879891293585752,-3.0241651261030253,-0.9222285923697385,-2.658059603575759,-1.550426007136212,4.157214035617482,2.109079499273396,4.723209244319419,0.04337304044235856,2.0847488640407565,6.667147710067962,1.2881585804315485,2.2213239349146083,-6.873181405929469,9.997364243250335,2.203841363306979,0.31572040800507695,1.637904650438899,-5.576215283806931,3.890928369445356,7.8788226546096825,3.235818989825225,6.691638062506216,-1.1752855219685885,2.9178890658858965,-2.592677645030594,1.2760719821157136,-3.1914791366426805,0.5654308390516216,1.8870007796306902,3.547857954873464,-0.9599800485911183,1.149697585329302,4.849053450084071,2.818314814077659,0.06630155176830206,-4.301722595261758,-1.4568886488062676,-1.3789237590293317,0.5821856265854465,-0.17783308913578016,-1.1679936052951554
GLRHD0936,8.193575795822337,-17.3778433669629,26.41297274924141,3.61560848532877,20.952546751987537,-0.7181505891039018,6.738208679666253,9.206845607954463,19.60535777846557,-2.6979102541800835,-4.96916594009038,0.7211141474332369,-1.8881572253929408,-0.5120077832454202,-3.051556383860126,-0.7966987685728394,0.8897579493257382,-0.7746898821530195,2.259772664204504,-0.6294655806187752,-1.1660659269480331,-1.5427519061257728,0.2780313435812127,-0.38366328367447305,0.17169432757526615,0.9553893253947222,-0.758362147033957,-1.217380610899709,2.885932740720123,-1.3731585543956808,-0.8215979654889188,-1.2012170552618187,0.13720573548063753,1.0266325216030903,0.5333966861634232,0.10359369563849015,0.21514239399673857,0.4194074813697256,-0.5003965820142244,0.43027779705462,-0.025118161395503134,0.29723146393114663,-0.8006011974873132,-0.34423439881710266,0.9388728111631586,-0.265119925215165,-1.0532623718071688,1.7427269841274489,0.14408816916718786,0.5482232215190818
GLRHD0937,6.105843069662191,-1.3814891765435322,3.2781381803862644,0.9342406733898864,3.711456407834527,-0.35967096950391575,1.8443222828211352,-4.329586591129753,-5.225723987935738,-1.517591884476654,1.4894429160875828,-1.0957836208406697,0.3386342000053132,-0.5715074935313892,0.9137616410659241,-0.8955351141916637,1.192053166903863,1.6944859861415706,1.0965558198347651,-0.5816957644890928,3.13985331871079,-2.663957217318253,-1.863741983164735,-1.0920542967487523,-1.5882466454484812,-2.5794345188155656,0.4910682284473373,1.3740152361573914,-2.9026268254597523,-2.3230111575371986,-3.649470516450913,3.6937660675381783,1.0927123198551865,7.938598084436993,-2.51060889474413,-4.579961301150519,5.287216812185676,-4.701804368556858,1.792978723250096,0.053687856424490824,-0.508035875764494,0.1286482272428161,-0.21479980178281785,0.11157408926979327,4.830624903339334,-0.2558511085261819,1.6551337216766162,7.3343938400911215,0.822652863973402,-1.2825298357385566
GLRHD0938,-1.743272726646713,-1.1755739760420405,-3.2049632412472557,-3.976831717225096,-5.241619156075574,-0.7727566324463495,3.0409758623087297,5.409292793849365,-0.3270343603047793,1.2591753025091448,-2.1422455157019296,-0.32420733764504184,0.5561101021606378,2.390963544554996,0.5798129416396747,-2.456626664282753,-1.6398926271534535,3.609113015408176,1.6020308747870933,-0.8700744523070316,-6.529822036574214,-4.141998545033879,-1.7996729828800802,-2.3305436543304343,-2.3301365088341397,7.675789420728237,4.066834147381147,0.49994345421690056,-0.34032350942639494,-4.587113941877776,2.93066034177358,0.4799134059945004,2.1469135127418357,2.2435051194112994,2.0627951976646837,5.092751974373275,1.1237576678074046,-3.1132036770026477,1.0266030285306407,-0.3399299053033375,-4.064225415834696,5.451397600795005,1.2311216742824138,4.827480406921349,4.627167311309082,-3.239909323406766,-1.7236647489267696,-4.0990620052206985,1.8758524070257327,-1.4323512170027237
GLRHD0939,-3.182342551698821,3.665263489822066,-0.9392901385902077,-0.2886650648453577,5.96908671249096,-6.558706382011779,5.55447239681112,7.018617204280195,-5.311920168738509,-4.158532326978993,3.095282896632381,-3.3484165972534394,0.20142024792490187,-5.0227268635743405,1.091189843468361,-2.8081144534652767,-2.026293723629333,2.9709198248371296,-4.640120290427692,-0.3898542273348983,0.07707141788884449,-5.9246051535671835,-4.1550424046480945,-1.3463606183864956,6.137647867988122,5.119678067919797,-5.210050942386635,-6.131953070022286,2.5272057090045865,1.4817715910170028,5.764428505650798,4.5183710104652945,-0.5720625997675943,3.6382776002900994,-5.479001018682653,-4.029846034488325,0.9480488049698975,0.017860216566620755,0.860891919116652,1.724818818680076,-0.1040853855151111,-1.8210288453152725,-0.18324005799304643,-1.0828882750256659,-1.893278929259953,5.038730488684509,1.2025833941301995,-3.6066815268140306,1.1877206293488594,0.2791475730915198
GLRHD0940,-23.101745695131957,-3.486018384960138,8.757805221208939,2.9448537141839095,7.651056270909633,-0.9163087113454759,-7.256233890110631,-1.4017731685341783,-5.068983638561285,-4.422269626552395,3.9946511203512682,-0.5358861624658885,3.36331259752604,-0.7106090213188984,-0.4854095568711126,1.9463432789117963,-3.134155912394856,2.73657551006357,-1.2871445301862292,0.5787528371588,3.7751565095077835,1.1519586307054996,-4.832908205322653,7.795164520599646,-1.514270693907108,0.009200993733268709,5.394870868794808,3.751432948861608,-0.7064444905676889,2.677714082116867,-1.6132253491213466,3.2718307890135567,6.0321156918992695,-2.0653912928995095,3.776415844131858,0.8363248327184335,2.9435285616773093,1.4981357882492818,-3.0901438697949324,-2.515526518444093,-4.036771003786364,-4.6859728559601725,5.072473697226455,-2.295183054858468,-1.8230909210587278,0.3373144270464609,-1.2880850875563625,-2.6615439141893997,0.7603406747540721,2.531095497643663
GLRHD0944,7.779987213177221,6.737405391553058,0.42334466410937427,-1.8536201144339295,-5.344642470858547,0.4773863299567049,0.5944872202506244,1.0003055012176056,2.3050483555262176,3.4976813329265597,0.19557704598103956,-0.4536474193954892,0.4830132757945058,-0.734284506393271,0.23084559453735706,-3.425229941993209,-0.33888850429160516,-2.8352261028340173,-1.7540161581727554,-1.6688928092011566,0.734165645642396,-2.889065493609033,-0.3061918985313177,-0.5531591811086862,3.4557414973752016,-6.835656281707971,2.25793884387201,-4.357293258955451,-1.7585769968611866,1.5360847621687128,0.713788348556723,-3.3568611472376593,-3.199899403404283,-7.732722667583919,1.5749555026686313,-1.0358277017244688,0.775995390917306,0.3237823099179129,0.8271389350585522,1.3970338841055938,-2.4865952641138347,-0.7028889295556923,-1.6811801092817482,2.0635810265967445,-1.548717778416714,2.8228042875756816,-6.557027649333613,0.5368442591531707,1.3005932562115028,6.798132576186562
GLRHD0952,-11.355192611904746,-4.708277820880012,-7.954279222380962,-3.422265946127852,-0.6056102968413066,-2.0625058522560895,0.37117499261048337,-1.4243340783365457,1.3149802627640732,1.3439029077184326,-3.7930105221829864,-2.8764377409948887,-0.5071669564293158,0.2222146993500154,0.6804430416750151,-0.7156504294136193,-0.05043107273419402,-0.36786567376769874,-0.5275900178347194,0.08218752037264232,0.45274398960508055,4.3491810400842,1.5298231197069558,1.4482739439764443,-5.269430365517654,2.4260201728613904,-0.2705865742587496,1.4742072736958773,1.8393926798838511,-3.471231038747864,-1.912837943491455,-0.2575941346479253,-1.250019532787535,0.6034772469086866,-2.6106574093033332,-4.774612998511036,-1.3076057850431637,0.8411854617106294,4.239312742119614,-1.2606034702210083,-0.20932041321699146,-0.3283777823586406,-2.0304983332116815,-2.2560347849236093,3.394122515751311,-0.44951672854375807,0.31969781302637473,-1.339357451485275,2.419999692427835,0.07279363235260417
GLRGC0453,20.217803684662947,4.037469314028691,-0.48637053017553455,1.4670338948758588,-4.241381542038537,-5.402259129313788,0.9524120068566997,-10.688253356562788,1.0240661242884843,0.36495712291921834,-2.3072091653176305,-3.0626982099457303,-0.30677995757104654,3.089548819992496,-13.235736999594138,2.862222801190999,2.627784028518775,-2.425272067947162,1.2778860185695422,1.5441677939096579,-0.47466729426076115,-2.7700763558805024,7.7732569062389745,2.3437665046972525,-1.021346822896304,5.998211614470801,5.772406047813989,-1.1661880015034727,2.586200708601828,4.041380068518442,-1.822081927020787,6.513921273698935,-6.392194127855621,1.671079125720716,-1.6271052910840573,3.8117259553758878,2.58111928798733,-0.9744360362163551,-2.3322439065509992,-1.291636063754854,1.9641470529690592,-1.376214437554683,1.0020072281555374,1.56346427011231,1.4041248203978067,6.516091100304857,-2.377683417234912,2.917332810195052,-0.03365350515033689,2.7137441192986618
GLRHD0953,-0.8483971621729512,-6.689870988110349,1.6110552313560695,-0.3848121521678037,-0.08989552421007917,-1.5325907686788605,-0.8819330130041313,0.022371497798865058,-1.7648546668598761,0.76747486221706,-0.1207858389818704,1.4327630341082243,0.6174097133820347,-2.000160554017637,2.7420277422165995,0.31498230581297976,-1.9119156920049518,0.853747201076803,-1.3904218535352768,0.7818069274501134,0.26900646625632463,-0.35067657012970527,1.332019227039172,0.2569226987213974,-0.48990950412140627,0.06211437812904981,-2.52524147545663,-0.5242212170696307,0.21011285797567408,-0.7057960058440713,-0.5861477799177125,-0.32879639577658804,-1.4708491068222984,-3.3889987836320214,0.10688220541365233,1.806905110031758,0.06591128753469665,0.792290739111333,0.7941948729543448,-1.3863178827927576,-0.36344245480588994,1.7908823666479377,-0.2848155439058417,-0.3027340792346298,1.4026286707737166,0.5819547487294026,-1.2379389428841205,0.7481956865456704,-0.7971897083236521,1.1876549361944861
GLRGC0457,5.157511878574794,9.211144530588763,-4.361702461766613,0.2997084822873315,-0.9585359583084383,0.08479610974121612,2.921476095261959,-0.10736140537672663,3.9982776986390767,-3.5768967743407747,2.2531684619467205,1.5568394385247255,0.4688370360248135,4.022376411697404,-1.431153132819303,-1.5305069642198295,-1.210722464208817,-0.2179815821013485,2.5111374806363513,-1.0950826528977533,0.6932645174048437,-2.6302463802233835,-2.758603198064396,1.6123577862055478,-3.0477094864807492,0.9750293657616735,-0.355456422102348,1.1661266511205728,0.2867136344567811,-1.5514275237345538,-2.0328364668084205,-0.17383528478715854,4.1424900380641425,3.4032215510373116,4.535725853215332,-0.965966416961555,-3.8483139218357274,-4.726623413999466,0.2841026431390106,3.019407915701821,-1.4379449358976846,-1.6458105521445954,4.533022591968891,2.6682647194400717,-0.052719312769776136,2.8905630383080596,0.7828813928710597,-1.7849979770254545,-3.4709091933502396,2.5818147019826134
GLRGC0458,-30.87958812814715,29.75048352956616,0.024406188166750848,2.8316435061246916,4.12153184322682,11.958884366288629,7.9765547094625715,2.7228093616150337,-0.16115459302212976,3.3085755520016,-2.2923482391772687,12.01678209704192,7.630682932894562,-0.3849797008030192,-3.2169331231577285,-8.366669576556156,-1.7452011845285977,-2.3469202576473176,-2.4793663430697768,5.0983715746013205,4.922198315636799,1.6152051525174356,0.6022360157932604,-0.2655715596784207,-5.044600976939181,4.68574224472396,-0.9914206565878925,-0.20073496474829908,3.8990035924599744,1.0717965601085226,0.01880916600677738,-0.8874587126187976,-3.7452058680763853,-2.551491092532858,0.16490977875305277,-2.6741818287570966,0.5381493253805805,2.145302150807466,-3.1343756417672024,-1.4659340366316724,0.1679927321921042,1.331372874704544,3.309664569278136,0.08028464465070767,1.2349659194558624,-0.7426988148850225,3.0222347793187243,1.7016688649923721,1.73437276512938,0.6146470611435881
GLRGC0459,-4.876223216885341,4.754280225872965,-3.0565664147822345,1.294386490280695,1.2242310468482172,2.0722218619227455,3.2334445701201733,-1.4228803108412182,1.9217290447160826,1.3180865150074097,-2.5605102472297445,-1.6739503345133055,-2.631747328010614,-0.12128180735189438,-2.863863704140286,5.356277375574497,-5.725816840869299,5.115776912998124,-2.9245340130828286,0.22480825304051996,-3.9474400526564812,-4.822391170007136,-2.1666279755205924,-0.28803021410888624,-5.530285754442696,-2.443841420983521,-2.2502210804977136,1.1790218228524356,1.5909567893587706,2.9138909769565373,-3.641881582790396,0.46215120873923576,1.5793139714496096,-0.9268824146177016,1.3182394269491067,5.084520427733546,-3.6206636833428223,4.1912548996815335,-1.7800784699169134,5.169117509752723,-2.3844902213847,-0.8355641733412921,-5.742685667050432,1.4887232241996213,-2.099695244682339,-0.29973970076738127,3.9505786334681066,1.1936495099203959,2.227030071654965,1.0578001684662217
GLRHD0955,15.765026523422613,-1.222615082858472,-6.594339546156098,-3.7422362383467003,-3.3954050074261897,-5.410118337960957,-0.22706397273633436,-1.8764449637827374,1.0574355395981634,-0.10270293502868204,0.8949647080135202,4.458175520834976,1.0067805844810902,-0.3212194317303461,-3.8781574365916858,0.23807876666678598,0.40386134145182995,-2.7578358803734333,-2.5632065642338486,0.6363929459099174,1.3428500096212546,0.49600319078695737,-2.0784628148172652,0.3324508664219094,-2.100909331238548,-1.5633328423811101,-1.5919736305651895,-3.7372618110991427,3.4148369606394318,-5.464617751764595,2.7454175920041486,0.14800942805374181,1.1311534629626843,-0.3000535239570338,2.6062852487212833,0.12173845033060698,-1.1896679090841213,-1.7027723587331434,1.6712725816283884,-0.2150228021277826,-4.185829175543626,8.145178415088946,0.16354333441511681,-3.7293377464780937,0.8845461784386327,-1.0389803609743085,-3.5369450326016643,4.881797528205713,-1.071683456706274,1.7455593521991553
GLRGC0499,-20.66003544543668,-6.075725793040511,-0.9612364691674203,-3.088642519512538,7.122829752656149,4.874854299544016,-1.9327323359097495,-1.9078375227271904,5.613302523738083,20.411090315609123,17.511215042046167,-3.2730170408143273,2.267645173556388,8.405754266274018,1.1316534570262098,-0.9035282396100871,0.43195212899991564,1.288920665300962,-1.754196862221267,-3.3462349218728766,-0.3994469820286307,2.7930798549439433,0.8201089614503109,1.5825666730703056,3.4803414225317613,-1.0540065785742603,-0.5531582856052143,-0.8072217252443604,2.263910957437531,-0.828220635790894,0.22491919739554717,2.8384430956589264,-0.9150140162366468,2.4173348046685943,-1.2031631597921801,0.14317721958124846,-3.1160268741446915,0.02503682137799088,0.004324659165279525,-1.1370848961951625,-0.4884052648160136,0.3387494255469842,-0.939158242884375,0.33781955980451217,-0.8416583899758927,0.7040217812845242,1.4175814901708008,0.41304558259997454,-0.22191599137895998,1.734623139016845
GLRGC0471,-14.425991383838168,-11.03652034243068,-2.3876908948980917,-3.805171985565183,-1.5148435573875976,1.9460807257922819,1.5250865115764634,1.9443080512300404,-2.014387978104236,-0.6133275238125598,-5.212021645710642,3.719456637555714,1.8211963514053018,-1.8826188238978334,-1.9133276625536304,4.215487573233197,1.945684318843336,-0.8449940494419698,-3.5127044796932134,-1.3345017206595517,3.764256242648404,-0.7075889705415129,0.11803199826683868,-2.1303652336864176,2.1036908036957165,-2.393154958132375,-1.7796560379628223,0.08515651635502659,0.3690215272248064,-5.946516907938938,-0.044391319335016124,4.254595017771458,-5.71223066436665,0.6117203805984565,1.0400661081935005,2.9365121993261605,2.31644839024492,-2.6061754070399576,0.9736379353682555,-0.8450666445958464,-0.5920000636387274,-1.7836885822327309,2.162557376452349,4.887706812127458,-3.365190177798282,-5.916367841869385,0.3812784936300216,1.572673668939788,-3.803097055289033,0.6057452054017158
GLRGC0475,3.7448584717652085,-5.629920191743896,1.5540127128530592,1.1878557716036506,1.4934482620203495,0.4303669549066208,-6.326795166266278,-2.5144145712376003,0.2767391910560917,-4.740153673754905,2.5798799193475253,4.861634390932439,-2.683193304348151,1.5062765827103268,0.9052780664465648,1.1286134313024718,0.3984679637736652,1.1494630875515675,-3.631559886985966,4.902831429887605,-2.230866348085665,0.07252016092869204,1.229245045429914,-2.0222922875731877,-3.1960553878020503,-1.8725603633026902,0.4116421393335085,-0.5052725836145762,-0.8283396711463471,-0.28235326393346016,0.9395254071810278,-3.124218130449421,-4.242934559891978,0.23208334439576886,6.976582109724665,-0.8706365433874808,-1.3785008099317357,0.46680334075279095,2.104092136639327,1.4228443024784563,2.2194156490053927,-0.668823726319574,-1.0500621370914571,-0.05607082625733789,-0.4118505701097644,2.087891012611488,1.677365855189101,-2.582260948213125,2.451661610845302,4.390676187994865
GLRHD0957,-4.438990629554023,-2.907662217937263,-4.0454666547257965,-2.146117080973311,-0.6680515604152916,1.9847888856495748,6.975795648657091,-1.7302909957088428,1.4298368506152126,1.2511753658871478,-2.7399546894372486,-3.9064824881801243,0.22461079278103227,1.2581087556270312,0.4345228915786099,-0.5412223475426332,-1.942655384583422,1.091510578569159,-0.4954288320423699,-3.3328359115504087,0.16106332861476563,-0.5271478046941281,1.7048246257164503,0.0018350376984145253,1.3604096274772208,2.808426832037406,1.1024919634651997,0.14966487283015328,0.9648996129973749,-3.413303706565102,-0.4427476695119029,-2.3207151739591945,2.7069479871372706,-0.8632581142240544,-1.6326586717423999,-1.8036025058424323,-1.2434940805563437,-2.208375400568923,-1.6402058063174327,0.1472351002446474,0.9244071874243683,-2.7953690853389634,0.6017804281746943,-2.8625148425081375,-0.8659247094394834,0.17033676397255132,-1.723815238113691,-2.4567403096097755,-1.097317376046023,-0.863024926986585
GLRGC0492,-6.154324699609822,18.197009272093464,4.147127955729731,0.7448284918084945,-1.2614508015546972,5.233115284854289,-3.0594609677925844,3.0928389332414334,0.5184942667871306,1.0186580399377734,-0.2555541943243859,-0.25270570150934896,-1.6424762800239099,-0.6040020078846354,1.4153039903731377,2.1173404123741495,-0.6886056427142973,-2.3700140020000804,1.8016205097055205,0.5904733005650913,-0.49542081911912517,-0.5650414281036198,-1.2291705534828883,-0.9770574224313906,-0.36591237690612083,-1.3176639986644427,-1.8654756954940692,1.3025165336580877,-4.255266917550777,-0.3178828841720669,-0.08864922898495556,0.32161046455017445,-1.2896609105737786,3.0437105381942624,-0.5472264423244244,1.6569095278607617,1.6217535242276422,-0.280896300812242,0.9430281944511816,0.9487523133322336,-2.209696962827374,0.9304815707897426,-1.2585854515244703,-0.5667964113329192,-0.6435148263835169,-0.4342031364128111,-0.6223571077444514,1.0213097813249572,-0.7827326808255377,2.3686325970792104
